t,Pp,Pl,SoC,Pb,Pg
2023-01-07 00:00:00+00:00,0.0,0.0,47.29938271604938,7.000000000000002,-7.000000000000002
2023-01-07 00:05:00+00:00,0.0,0.010908091494182374,44.598765432098766,7.000000000000002,-6.989091908505819
2023-01-07 00:10:00+00:00,0.0,0.02181488503456112,44.598765432098766,0.0,0.02181488503456112
2023-01-07 00:15:00+00:00,0.0,0.03271908282177614,44.598765432098766,0.0,0.03271908282177614
2023-01-07 00:20:00+00:00,0.0,0.043619387365336,44.598765432098766,0.0,0.043619387365336
2023-01-07 00:25:00+00:00,0.0,0.05451450163800632,41.898148148148145,7.000000000000002,-6.945485498361996
2023-01-07 00:30:00+00:00,0.0,0.06540312923014306,39.197530864197525,7.000000000000002,-6.934596870769859
2023-01-07 00:35:00+00:00,0.0,0.07628397450395231,39.197530864197525,0.0,0.07628397450395231
2023-01-07 00:40:00+00:00,0.0,0.08715574274765817,39.197530864197525,0.0,0.08715574274765817
2023-01-07 00:45:00+00:00,0.0,0.0980171403295606,39.197530864197525,0.0,0.0980171403295606
2023-01-07 00:50:00+00:00,0.0,0.10886687485196457,39.197530864197525,0.0,0.10886687485196457
2023-01-07 00:55:00+00:00,0.0,0.1197036553049625,39.197530864197525,0.0,0.1197036553049625
2023-01-07 01:00:00+00:00,0.0,0.13052619222005157,39.197530864197525,0.0,0.13052619222005157
2023-01-07 01:05:00+00:00,0.0,0.14133319782356746,39.197530864197525,0.0,0.14133319782356746
2023-01-07 01:10:00+00:00,0.0,0.15212338618991672,39.197530864197525,0.0,0.15212338618991672
2023-01-07 01:15:00+00:00,0.0,0.16289547339458874,39.197530864197525,0.0,0.16289547339458874
2023-01-07 01:20:00+00:00,0.0,0.17364817766693033,39.197530864197525,0.0,0.17364817766693033
2023-01-07 01:25:00+00:00,0.0,0.1843802195426634,39.197530864197525,0.0,0.1843802195426634
2023-01-07 01:30:00+00:00,0.0,0.19509032201612825,39.197530864197525,0.0,0.19509032201612825
2023-01-07 01:35:00+00:00,0.0,0.2057772106922349,39.197530864197525,0.0,0.2057772106922349
2023-01-07 01:40:00+00:00,0.0,0.21643961393810285,39.197530864197525,0.0,0.21643961393810285
2023-01-07 01:45:00+00:00,0.0,0.2270762630343732,39.197530864197525,0.0,0.2270762630343732
2023-01-07 01:50:00+00:00,0.0,0.23768589232617313,39.197530864197525,0.0,0.23768589232617313
2023-01-07 01:55:00+00:00,0.0,0.24826723937371628,39.197530864197525,0.0,0.24826723937371628
2023-01-07 02:00:00+00:00,0.0,0.25881904510252074,39.197530864197525,0.0,0.25881904510252074
2023-01-07 02:05:00+00:00,0.0,0.269340053953226,39.197530864197525,0.0,0.269340053953226
2023-01-07 02:10:00+00:00,0.0,0.27982901403099203,39.197530864197525,0.0,0.27982901403099203
2023-01-07 02:15:00+00:00,0.0,0.29028467725446233,39.197530864197525,0.0,0.29028467725446233
2023-01-07 02:20:00+00:00,0.0,0.3007057995042732,39.197530864197525,0.0,0.3007057995042732
2023-01-07 02:25:00+00:00,0.0,0.3110911407710909,39.197530864197525,0.0,0.3110911407710909
2023-01-07 02:30:00+00:00,0.0,0.3214394653031616,39.197530864197525,0.0,0.3214394653031616
2023-01-07 02:35:00+00:00,0.0,0.3317495417533521,39.197530864197525,0.0,0.3317495417533521
2023-01-07 02:40:00+00:00,0.0,0.3420201433256687,39.197530864197525,0.0,0.3420201433256687
2023-01-07 02:45:00+00:00,0.0,0.3522500479212335,39.197530864197525,0.0,0.3522500479212335
2023-01-07 02:50:00+00:00,0.0,0.36243803828370164,39.197530864197525,0.0,0.36243803828370164
2023-01-07 02:55:00+00:00,0.0,0.37258290214410295,39.197530864197525,0.0,0.37258290214410295
2023-01-07 03:00:00+00:00,0.0,0.3826834323650898,39.197530864197525,0.0,0.3826834323650898
2023-01-07 03:05:00+00:00,0.0,0.39273842708457407,39.197530864197525,0.0,0.39273842708457407
2023-01-07 03:10:00+00:00,0.0,0.4027466898587372,39.197530864197525,0.0,0.4027466898587372
2023-01-07 03:15:00+00:00,0.0,0.4127070298043947,39.197530864197525,0.0,0.4127070298043947
2023-01-07 03:20:00+00:00,0.0,0.42261826174069944,39.197530864197525,0.0,0.42261826174069944
2023-01-07 03:25:00+00:00,0.0,0.4324792063301662,39.197530864197525,0.0,0.4324792063301662
2023-01-07 03:30:00+00:00,0.0,0.44228869021900125,36.49691358024691,7.000000000000002,-6.557711309781
2023-01-07 03:35:00+00:00,0.0,0.45204554617671966,36.49691358024691,0.0,0.45204554617671966
2023-01-07 03:40:00+00:00,0.0,0.46174861323503386,36.49691358024691,0.0,0.46174861323503386
2023-01-07 03:45:00+00:00,0.0,0.4713967368259976,36.49691358024691,0.0,0.4713967368259976
2023-01-07 03:50:00+00:00,0.0,0.48098876891938763,36.49691358024691,0.0,0.48098876891938763
2023-01-07 03:55:00+00:00,0.0,0.490523568159308,36.49691358024691,0.0,0.490523568159308
2023-01-07 04:00:00+00:00,0.0,0.49999999999999994,36.49691358024691,0.0,0.49999999999999994
2023-01-07 04:05:00+00:00,0.0,0.5094169368408417,36.49691358024691,0.0,0.5094169368408417
2023-01-07 04:10:00+00:00,0.0,0.5187732581605214,36.49691358024691,0.0,0.5187732581605214
2023-01-07 04:15:00+00:00,0.0,0.528067850650368,36.49691358024691,0.0,0.528067850650368
2023-01-07 04:20:00+00:00,0.0,0.5372996083468238,36.49691358024691,0.0,0.5372996083468238
2023-01-07 04:25:00+00:00,0.0,0.5464674327630434,36.49691358024691,0.0,0.5464674327630434
2023-01-07 04:30:00+00:00,0.0,0.5555702330196022,36.49691358024691,0.0,0.5555702330196022
2023-01-07 04:35:00+00:00,0.0,0.5646069259743004,36.49691358024691,0.0,0.5646069259743004
2023-01-07 04:40:00+00:00,0.0,0.5735764363510462,36.49691358024691,0.0,0.5735764363510462
2023-01-07 04:45:00+00:00,0.0,0.5824776968678022,36.49691358024691,0.0,0.5824776968678022
2023-01-07 04:50:00+00:00,0.0,0.5913096483635824,36.49691358024691,0.0,0.5913096483635824
2023-01-07 04:55:00+00:00,0.0,0.600071239924481,36.49691358024691,0.0,0.600071239924481
2023-01-07 05:00:00+00:00,0.0,0.6087614290087207,36.49691358024691,0.0,0.6087614290087207
2023-01-07 05:05:00+00:00,0.0,0.6173791815707049,36.49691358024691,0.0,0.6173791815707049
2023-01-07 05:10:00+00:00,0.0,0.6259234721840591,36.49691358024691,0.0,0.6259234721840591
2023-01-07 05:15:00+00:00,0.0,0.6343932841636455,36.49691358024691,0.0,0.6343932841636455
2023-01-07 05:20:00+00:00,0.0,0.6427876096865393,36.49691358024691,0.0,0.6427876096865393
2023-01-07 05:25:00+00:00,0.0,0.6511054499119491,36.49691358024691,0.0,0.6511054499119491
2023-01-07 05:30:00+00:00,0.0,0.6593458151000688,36.49691358024691,0.0,0.6593458151000688
2023-01-07 05:35:00+00:00,0.0,0.6675077247298473,36.49691358024691,0.0,0.6675077247298473
2023-01-07 05:40:00+00:00,0.0,0.6755902076156602,36.49691358024691,0.0,0.6755902076156602
2023-01-07 05:45:00+00:00,0.0,0.6835923020228712,36.49691358024691,0.0,0.6835923020228712
2023-01-07 05:50:00+00:00,0.0,0.6915130557822694,36.49691358024691,0.0,0.6915130557822694
2023-01-07 05:55:00+00:00,0.0,0.6993515264033672,36.49691358024691,0.0,0.6993515264033672
2023-01-07 06:00:00+00:00,0.0,0.7071067811865475,36.49691358024691,0.0,0.7071067811865475
2023-01-07 06:05:00+00:00,0.0,0.7147778973340463,36.49691358024691,0.0,0.7147778973340463
2023-01-07 06:10:00+00:00,0.0,0.7223639620597555,36.49691358024691,0.0,0.7223639620597555
2023-01-07 06:15:00+00:00,0.0,0.7298640726978357,36.49691358024691,0.0,0.7298640726978357
2023-01-07 06:20:00+00:00,0.0,0.737277336810124,36.49691358024691,0.0,0.737277336810124
2023-01-07 06:25:00+00:00,0.0030026015999999995,0.7446028722923262,36.49691358024691,0.0,0.7416002706923263
2023-01-07 06:30:00+00:00,0.0055449504,0.7518398074789774,36.49691358024691,0.0,0.7462948570789774
2023-01-07 06:35:00+00:00,0.008832470399999999,0.7589872812471619,36.49691358024691,0.0,0.7501548108471618
2023-01-07 06:40:00+00:00,0.017380022399999997,0.766044443118978,36.49691358024691,0.0,0.748664420718978
2023-01-07 06:45:00+00:00,0.034628544,0.773010453362737,36.49691358024691,0.0,0.738381909362737
2023-01-07 06:50:00+00:00,0.06070953599999999,0.7798844830928817,36.49691358024691,0.0,0.7191749470928818
2023-01-07 06:55:00+00:00,0.09862559999999998,0.7866657143686171,36.49691358024691,0.0,0.6880401143686171
2023-01-07 07:00:00+00:00,0.15166425599999997,0.7933533402912352,36.49691358024691,0.0,0.6416890842912352
2023-01-07 07:05:00+00:00,0.20996294399999996,0.7999465651001296,36.49691358024691,0.0,0.5899836211001297
2023-01-07 07:10:00+00:00,0.328752,0.8064446042674825,36.49691358024691,0.0,0.47769260426748256
2023-01-07 07:15:00+00:00,0.4690195199999999,0.8128466845916152,36.49691358024691,0.0,0.34382716459161533
2023-01-07 07:20:00+00:00,0.5194281599999999,0.8191520442889917,36.49691358024691,0.0,0.29972388428899177
2023-01-07 07:25:00+00:00,1.82786112,0.8253599330848638,36.49691358024691,0.0,-1.0025011869151361
2023-01-07 07:30:00+00:00,1.1221401599999998,0.8314696123025451,36.49691358024691,0.0,-0.2906705476974547
2023-01-07 07:35:00+00:00,1.05638976,0.8374803549513078,36.49691358024691,0.0,-0.21890940504869227
2023-01-07 07:40:00+00:00,1.27994112,0.8433914458128857,36.49691358024691,0.0,-0.4365496741871142
2023-01-07 07:45:00+00:00,1.35007488,0.8492021815265789,36.49691358024691,0.0,-0.5008726984734211
2023-01-07 07:50:00+00:00,1.5560927999999996,0.8549118706729465,36.49691358024691,0.0,-0.7011809293270531
2023-01-07 07:55:00+00:00,2.2355135999999995,0.8605198338560791,36.49691358024691,0.0,-1.3749937661439204
2023-01-07 08:00:00+00:00,6.268204799999999,0.8660254037844386,36.49691358024691,0.0,-5.40217939621556
2023-01-07 08:05:00+00:00,7.802380799999998,0.8714279253502615,36.49691358024691,0.0,-6.930952874649737
2023-01-07 08:10:00+00:00,7.824297599999999,0.8767267557075077,36.49691358024691,0.0,-6.947570844292491
2023-01-07 08:15:00+00:00,9.270806399999998,0.881921264348355,36.49691358024691,0.0,-8.388885135651643
2023-01-07 08:20:00+00:00,6.333955199999999,0.8870108331782217,36.49691358024691,0.0,-5.446944366821778
2023-01-07 08:25:00+00:00,2.9368511999999996,0.8919948565893141,36.49691358024691,0.0,-2.0448563434106855
2023-01-07 08:30:00+00:00,5.4134496,0.8968727415326884,36.49691358024691,0.0,-4.516576858467311
2023-01-07 08:35:00+00:00,10.410479999999998,0.9016439075888161,36.49691358024691,0.0,-9.508836092411181
2023-01-07 08:40:00+00:00,6.816124799999999,0.9063077870366498,36.49691358024691,0.0,-5.909817012963349
2023-01-07 08:45:00+00:00,12.470659199999997,0.9108638249211758,36.49691358024691,0.0,-11.55979537507882
2023-01-07 08:50:00+00:00,14.0705856,0.9153114791194471,36.49691358024691,0.0,-13.155274120880552
2023-01-07 08:55:00+00:00,15.429427199999997,0.9196502204050923,35.53617937881269,2.490223050117487,-17.0
2023-01-07 09:00:00+00:00,7.999631999999998,0.9238795325112867,35.53617937881269,0.0,-7.075752467488711
2023-01-07 09:05:00+00:00,5.501116799999999,0.9279989121921844,35.53617937881269,0.0,-4.573117887807815
2023-01-07 09:10:00+00:00,5.2819487999999994,0.9320078692827984,35.53617937881269,0.0,-4.349940930717201
2023-01-07 09:15:00+00:00,5.084697599999999,0.9359059267573256,35.53617937881269,0.0,-4.148791673242673
2023-01-07 09:20:00+00:00,4.7778624,0.9396926207859084,35.53617937881269,0.0,-3.8381697792140916
2023-01-07 09:25:00+00:00,4.690195199999999,0.9433675007898252,35.53617937881269,0.0,-3.746827699210174
2023-01-07 09:30:00+00:00,4.273775999999999,0.9469301294951056,35.53617937881269,0.0,-3.3268458705048936
2023-01-07 09:35:00+00:00,4.3176096,0.9503800829845611,35.53617937881269,0.0,-3.367229517015439
2023-01-07 09:40:00+00:00,4.471027199999999,0.9537169507482268,35.53617937881269,0.0,-3.5173102492517723
2023-01-07 09:45:00+00:00,4.8436128,0.9569403357322088,35.53617937881269,0.0,-3.8866724642677912
2023-01-07 09:50:00+00:00,4.4271936,0.9600498543859287,32.83556209486208,7.000000000000002,-10.467143745614074
2023-01-07 09:55:00+00:00,3.923107199999999,0.9630451367077626,32.83556209486208,0.0,-2.9600620632922365
2023-01-07 10:00:00+00:00,3.8354399999999993,0.9659258262890683,32.83556209486208,0.0,-2.869514173710931
2023-01-07 10:05:00+00:00,4.164192,0.9686915803565931,32.83556209486208,0.0,-3.1955004196434067
2023-01-07 10:10:00+00:00,4.208025599999999,0.9713420698132614,32.83556209486208,0.0,-3.236683530186738
2023-01-07 10:15:00+00:00,4.251859199999999,0.9738769792773336,32.83556209486208,0.0,-3.2779822207226657
2023-01-07 10:20:00+00:00,4.054607999999999,0.9762960071199334,32.83556209486208,0.0,-3.0783119928800655
2023-01-07 10:25:00+00:00,4.668278399999999,0.9785988655009383,32.83556209486208,0.0,-3.689679534499061
2023-01-07 10:30:00+00:00,5.6764512,0.9807852804032304,32.83556209486208,0.0,-4.695665919596769
2023-01-07 10:35:00+00:00,6.333955199999999,0.9828549916653012,32.83556209486208,0.0,-5.351100208334698
2023-01-07 10:40:00+00:00,5.501116799999999,0.984807753012208,32.83556209486208,0.0,-4.516309046987791
2023-01-07 10:45:00+00:00,5.0189471999999995,0.986643332084879,32.83556209486208,0.0,-4.032303867915121
2023-01-07 10:50:00+00:00,4.5806112,0.9883615104677607,32.83556209486208,0.0,-3.592249689532239
2023-01-07 10:55:00+00:00,4.38336,0.9899620837148079,32.83556209486208,0.0,-3.393397916285192
2023-01-07 11:00:00+00:00,4.1861087999999995,0.9914448613738104,32.83556209486208,0.0,-3.194663938626189
2023-01-07 11:05:00+00:00,3.9669407999999997,0.992809667009055,32.83556209486208,0.0,-2.974131132990945
2023-01-07 11:10:00+00:00,3.4847711999999995,0.9940563382223196,32.83556209486208,0.0,-2.49071486177768
2023-01-07 11:15:00+00:00,3.243686399999999,0.9951847266721969,32.83556209486208,0.0,-2.2485016733278025
2023-01-07 11:20:00+00:00,3.0245184,0.9961946980917455,32.83556209486208,0.0,-2.0283237019082545
2023-01-07 11:25:00+00:00,2.9149344,0.9970861323044666,32.83556209486208,0.0,-1.9178482676955333
2023-01-07 11:30:00+00:00,2.6080991999999994,0.9978589232386035,32.83556209486208,0.0,-1.610240276761396
2023-01-07 11:35:00+00:00,2.9368511999999996,0.9985129789397631,32.83556209486208,0.0,-1.9383382210602365
2023-01-07 11:40:00+00:00,3.1779359999999994,0.9990482215818578,32.83556209486208,0.0,-2.1788877784181415
2023-01-07 11:45:00+00:00,2.9806848,0.9994645874763657,32.83556209486208,0.0,-1.9812202125236344
2023-01-07 11:50:00+00:00,2.958768,0.9997620270799091,32.83556209486208,0.0,-1.959005972920091
2023-01-07 11:55:00+00:00,3.1998527999999995,0.9999405050001497,32.83556209486208,0.0,-2.1999122949998497
2023-01-07 12:00:00+00:00,3.3751871999999996,1.0,32.83556209486208,0.0,-2.3751871999999996
2023-01-07 12:05:00+00:00,3.3532703999999995,0.9999405050001497,32.83556209486208,0.0,-2.35332989499985
2023-01-07 12:10:00+00:00,3.1998527999999995,0.9997620270799091,32.83556209486208,0.0,-2.2000907729200905
2023-01-07 12:15:00+00:00,2.9806848,0.9994645874763657,32.83556209486208,0.0,-1.9812202125236344
2023-01-07 12:20:00+00:00,3.2875199999999993,0.9990482215818578,32.83556209486208,0.0,-2.2884717784181414
2023-01-07 12:25:00+00:00,3.616272,0.9985129789397631,32.83556209486208,0.0,-2.6177590210602366
2023-01-07 12:30:00+00:00,3.5724384,0.9978589232386035,32.83556209486208,0.0,-2.5745794767613965
2023-01-07 12:35:00+00:00,3.5286047999999997,0.9970861323044666,32.83556209486208,0.0,-2.531518667695533
2023-01-07 12:40:00+00:00,3.7477728,0.9961946980917455,32.83556209486208,0.0,-2.7515781019082546
2023-01-07 12:45:00+00:00,3.769689599999999,0.9951847266721969,32.83556209486208,0.0,-2.7745048733278024
2023-01-07 12:50:00+00:00,5.8956192,0.9940563382223196,32.83556209486208,0.0,-4.90156286177768
2023-01-07 12:55:00+00:00,5.6764512,0.992809667009055,32.83556209486208,0.0,-4.683641532990944
2023-01-07 13:00:00+00:00,8.372217599999999,0.9914448613738104,32.83556209486208,0.0,-7.380772738626189
2023-01-07 13:05:00+00:00,6.6846239999999995,0.9899620837148079,32.83556209486208,0.0,-5.694661916285192
2023-01-07 13:10:00+00:00,3.243686399999999,0.9883615104677607,32.83556209486208,0.0,-2.2553248895322384
2023-01-07 13:15:00+00:00,2.4765984,0.986643332084879,32.83556209486208,0.0,-1.4899550679151208
2023-01-07 13:20:00+00:00,2.2355135999999995,0.984807753012208,32.83556209486208,0.0,-1.2507058469877914
2023-01-07 13:25:00+00:00,1.8322444799999997,0.9828549916653012,32.83556209486208,0.0,-0.8493894883346985
2023-01-07 13:30:00+00:00,1.73581056,0.9807852804032304,32.83556209486208,0.0,-0.7550252795967696
2023-01-07 13:35:00+00:00,1.7643023999999998,0.9785988655009383,32.83556209486208,0.0,-0.7857035344990615
2023-01-07 13:40:00+00:00,1.9264867199999998,0.9762960071199334,32.83556209486208,0.0,-0.9501907128800664
2023-01-07 13:45:00+00:00,1.9615535999999996,0.9738769792773336,32.83556209486208,0.0,-0.9876766207226659
2023-01-07 13:50:00+00:00,2.0514124799999975,0.9713420698132614,32.83556209486208,0.0,-1.0800704101867362
2023-01-07 13:55:00+00:00,2.12373792,0.9686915803565931,32.83556209486208,0.0,-1.1550463396434067
2023-01-07 14:00:00+00:00,2.12154624,0.9659258262890683,32.83556209486208,0.0,-1.1556204137109316
2023-01-07 14:05:00+00:00,2.2135968,0.9630451367077627,32.83556209486208,0.0,-1.2505516632922373
2023-01-07 14:10:00+00:00,2.6080991999999994,0.9600498543859287,32.83556209486208,0.0,-1.6480493456140706
2023-01-07 14:15:00+00:00,2.8711008,0.9569403357322089,32.83556209486208,0.0,-1.9141604642677907
2023-01-07 14:20:00+00:00,3.3971039999999997,0.9537169507482269,32.83556209486208,0.0,-2.443387049251773
2023-01-07 14:25:00+00:00,4.054607999999999,0.9503800829845611,32.83556209486208,0.0,-3.104227917015438
2023-01-07 14:30:00+00:00,1.9637452799999997,0.9469301294951057,32.83556209486208,0.0,-1.0168151505048941
2023-01-07 14:35:00+00:00,1.60650144,0.9433675007898252,32.83556209486208,0.0,-0.6631339392101747
2023-01-07 14:40:00+00:00,1.3413081599999999,0.9396926207859084,32.83556209486208,0.0,-0.40161553921409143
2023-01-07 14:45:00+00:00,1.0541980799999997,0.9359059267573258,32.83556209486208,0.0,-0.11829215324267395
2023-01-07 14:50:00+00:00,0.8766719999999999,0.9320078692827986,32.83556209486208,0.0,0.055335869282798655
2023-01-07 14:55:00+00:00,0.6838041599999999,0.9279989121921847,32.83556209486208,0.0,0.24419475219218478
2023-01-07 15:00:00+00:00,0.4975113599999978,0.9238795325112868,32.83556209486208,0.0,0.42636817251128906
2023-01-07 15:05:00+00:00,0.4273775999999999,0.9196502204050921,32.83556209486208,0.0,0.49227262040509223
2023-01-07 15:10:00+00:00,0.39888576,0.9153114791194472,32.83556209486208,0.0,0.5164257191194472
2023-01-07 15:15:00+00:00,0.4273775999999999,0.9108638249211759,32.83556209486208,0.0,0.483486224921176
2023-01-07 15:20:00+00:00,0.39888576,0.90630778703665,32.83556209486208,0.0,0.5074220270366501
2023-01-07 15:25:00+00:00,0.25423487999999994,0.9016439075888163,32.83556209486208,0.0,0.6474090275888164
2023-01-07 15:30:00+00:00,0.21171628799999997,0.8968727415326884,32.83556209486208,0.0,0.6851564535326884
2023-01-07 15:35:00+00:00,0.26519328,0.8919948565893142,32.83556209486208,0.0,0.6268015765893142
2023-01-07 15:40:00+00:00,0.21127795199999996,0.8870108331782218,32.83556209486208,0.0,0.6757328811782218
2023-01-07 15:45:00+00:00,0.193744512,0.881921264348355,32.83556209486208,0.0,0.6881767523483551
2023-01-07 15:50:00+00:00,0.3572438399999999,0.8767267557075076,32.83556209486208,0.0,0.5194829157075076
2023-01-07 15:55:00+00:00,0.49312799999999996,0.8714279253502614,32.83556209486208,0.0,0.3782999253502614
2023-01-07 16:00:00+00:00,0.14793839999999997,0.8660254037844387,32.83556209486208,0.0,0.7180870037844387
2023-01-07 16:05:00+00:00,0.13763750399999997,0.8605198338560792,32.83556209486208,0.0,0.7228823298560793
2023-01-07 16:10:00+00:00,0.0,0.8549118706729465,30.134944810911456,7.000000000000002,-6.145088129327055
2023-01-07 16:15:00+00:00,0.0,0.8492021815265789,30.134944810911456,0.0,0.8492021815265789
2023-01-07 16:20:00+00:00,0.0,0.8433914458128858,30.134944810911456,0.0,0.8433914458128858
2023-01-07 16:25:00+00:00,0.0,0.8374803549513079,30.134944810911456,0.0,0.8374803549513079
2023-01-07 16:30:00+00:00,0.0,0.8314696123025451,30.134944810911456,0.0,0.8314696123025451
2023-01-07 16:35:00+00:00,0.0,0.8253599330848639,30.134944810911456,0.0,0.8253599330848639
2023-01-07 16:40:00+00:00,0.0,0.8191520442889917,30.134944810911456,0.0,0.8191520442889917
2023-01-07 16:45:00+00:00,0.0,0.8128466845916152,30.134944810911456,0.0,0.8128466845916152
2023-01-07 16:50:00+00:00,0.0,0.8064446042674828,30.134944810911456,0.0,0.8064446042674828
2023-01-07 16:55:00+00:00,0.0,0.7999465651001297,30.134944810911456,0.0,0.7999465651001297
2023-01-07 17:00:00+00:00,0.0,0.7933533402912352,30.134944810911456,0.0,0.7933533402912352
2023-01-07 17:05:00+00:00,0.0,0.7866657143686171,30.134944810911456,0.0,0.7866657143686171
2023-01-07 17:10:00+00:00,0.0,0.7798844830928818,30.134944810911456,0.0,0.7798844830928818
2023-01-07 17:15:00+00:00,0.0,0.7730104533627371,30.134944810911456,0.0,0.7730104533627371
2023-01-07 17:20:00+00:00,0.0,0.7660444431189783,30.134944810911456,0.0,0.7660444431189783
2023-01-07 17:25:00+00:00,0.0,0.7589872812471617,30.134944810911456,0.0,0.7589872812471617
2023-01-07 17:30:00+00:00,0.0,0.7518398074789774,30.134944810911456,0.0,0.7518398074789774
2023-01-07 17:35:00+00:00,0.0,0.7446028722923264,30.134944810911456,0.0,0.7446028722923264
2023-01-07 17:40:00+00:00,0.0,0.7372773368101241,30.134944810911456,0.0,0.7372773368101241
2023-01-07 17:45:00+00:00,0.0,0.7298640726978356,30.134944810911456,0.0,0.7298640726978356
2023-01-07 17:50:00+00:00,0.0,0.7223639620597556,30.134944810911456,0.0,0.7223639620597556
2023-01-07 17:55:00+00:00,0.0,0.7147778973340463,30.134944810911456,0.0,0.7147778973340463
2023-01-07 18:00:00+00:00,0.0,0.7071067811865476,30.134944810911456,0.0,0.7071067811865476
2023-01-07 18:05:00+00:00,0.0,0.6993515264033673,30.134944810911456,0.0,0.6993515264033673
2023-01-07 18:10:00+00:00,0.0,0.6915130557822695,30.134944810911456,0.0,0.6915130557822695
2023-01-07 18:15:00+00:00,0.0,0.6835923020228716,30.134944810911456,0.0,0.6835923020228716
2023-01-07 18:20:00+00:00,0.0,0.6755902076156604,30.134944810911456,0.0,0.6755902076156604
2023-01-07 18:25:00+00:00,0.0,0.6675077247298473,30.134944810911456,0.0,0.6675077247298473
2023-01-07 18:30:00+00:00,0.0,0.659345815100069,30.134944810911456,0.0,0.659345815100069
2023-01-07 18:35:00+00:00,0.0,0.6511054499119494,30.134944810911456,0.0,0.6511054499119494
2023-01-07 18:40:00+00:00,0.0,0.6427876096865391,30.134944810911456,0.0,0.6427876096865391
2023-01-07 18:45:00+00:00,0.0,0.6343932841636455,30.134944810911456,0.0,0.6343932841636455
2023-01-07 18:50:00+00:00,0.0,0.6259234721840592,30.134944810911456,0.0,0.6259234721840592
2023-01-07 18:55:00+00:00,0.0,0.6173791815707049,30.134944810911456,0.0,0.6173791815707049
2023-01-07 19:00:00+00:00,0.0,0.6087614290087209,30.134944810911456,0.0,0.6087614290087209
2023-01-07 19:05:00+00:00,0.0,0.600071239924481,30.134944810911456,0.0,0.600071239924481
2023-01-07 19:10:00+00:00,0.0,0.5913096483635822,30.134944810911456,0.0,0.5913096483635822
2023-01-07 19:15:00+00:00,0.0,0.5824776968678022,30.134944810911456,0.0,0.5824776968678022
2023-01-07 19:20:00+00:00,0.0,0.5735764363510464,30.134944810911456,0.0,0.5735764363510464
2023-01-07 19:25:00+00:00,0.0,0.5646069259743005,30.134944810911456,0.0,0.5646069259743005
2023-01-07 19:30:00+00:00,0.0,0.5555702330196025,30.134944810911456,0.0,0.5555702330196025
2023-01-07 19:35:00+00:00,0.0,0.5464674327630435,30.134944810911456,0.0,0.5464674327630435
2023-01-07 19:40:00+00:00,0.0,0.5372996083468238,30.134944810911456,0.0,0.5372996083468238
2023-01-07 19:45:00+00:00,0.0,0.5280678506503681,30.134944810911456,0.0,0.5280678506503681
2023-01-07 19:50:00+00:00,0.0,0.5187732581605218,30.134944810911456,0.0,0.5187732581605218
2023-01-07 19:55:00+00:00,0.0,0.5094169368408415,30.134944810911456,0.0,0.5094169368408415
2023-01-07 20:00:00+00:00,0.0,0.49999999999999994,30.134944810911456,0.0,0.49999999999999994
2023-01-07 20:05:00+00:00,0.0,0.49052356815930814,30.134944810911456,0.0,0.49052356815930814
2023-01-07 20:10:00+00:00,0.0,0.48098876891938763,30.134944810911456,0.0,0.48098876891938763
2023-01-07 20:15:00+00:00,0.0,0.47139673682599786,30.134944810911456,0.0,0.47139673682599786
2023-01-07 20:20:00+00:00,0.0,0.4617486132350339,30.134944810911456,0.0,0.4617486132350339
2023-01-07 20:25:00+00:00,0.0,0.4520455461767199,30.134944810911456,0.0,0.4520455461767199
2023-01-07 20:30:00+00:00,0.0,0.4422886902190017,30.134944810911456,0.0,0.4422886902190017
2023-01-07 20:35:00+00:00,0.0,0.43247920633016607,30.134944810911456,0.0,0.43247920633016607
2023-01-07 20:40:00+00:00,0.0,0.4226182617406995,30.134944810911456,0.0,0.4226182617406995
2023-01-07 20:45:00+00:00,0.0,0.4127070298043946,30.134944810911456,0.0,0.4127070298043946
2023-01-07 20:50:00+00:00,0.0,0.4027466898587373,30.134944810911456,0.0,0.4027466898587373
2023-01-07 20:55:00+00:00,0.0,0.39273842708457396,30.134944810911456,0.0,0.39273842708457396
2023-01-07 21:00:00+00:00,0.0,0.3826834323650899,30.134944810911456,0.0,0.3826834323650899
2023-01-07 21:05:00+00:00,0.0,0.3725829021441033,30.134944810911456,0.0,0.3725829021441033
2023-01-07 21:10:00+00:00,0.0,0.36243803828370136,30.134944810911456,0.0,0.36243803828370136
2023-01-07 21:15:00+00:00,0.0,0.35225004792123343,30.134944810911456,0.0,0.35225004792123343
2023-01-07 21:20:00+00:00,0.0,0.3420201433256689,30.134944810911456,0.0,0.3420201433256689
2023-01-07 21:25:00+00:00,0.0,0.33174954175335203,30.134944810911456,0.0,0.33174954175335203
2023-01-07 21:30:00+00:00,0.0,0.32143946530316175,30.134944810911456,0.0,0.32143946530316175
2023-01-07 21:35:00+00:00,0.0,0.31109114077109135,30.134944810911456,0.0,0.31109114077109135
2023-01-07 21:40:00+00:00,0.0,0.30070579950427334,30.134944810911456,0.0,0.30070579950427334
2023-01-07 21:45:00+00:00,0.0,0.2902846772544628,30.134944810911456,0.0,0.2902846772544628
2023-01-07 21:50:00+00:00,0.0,0.2798290140309927,30.134944810911456,0.0,0.2798290140309927
2023-01-07 21:55:00+00:00,0.0,0.269340053953226,30.134944810911456,0.0,0.269340053953226
2023-01-07 22:00:00+00:00,0.0,0.258819045102521,30.134944810911456,0.0,0.258819045102521
2023-01-07 22:05:00+00:00,0.0,0.24826723937371634,30.134944810911456,0.0,0.24826723937371634
2023-01-07 22:10:00+00:00,0.0,0.23768589232617293,30.134944810911456,0.0,0.23768589232617293
2023-01-07 22:15:00+00:00,0.0,0.22707626303437328,30.134944810911456,0.0,0.22707626303437328
2023-01-07 22:20:00+00:00,0.0,0.21643961393810318,30.134944810911456,0.0,0.21643961393810318
2023-01-07 22:25:00+00:00,0.0,0.20577721069223456,30.134944810911456,0.0,0.20577721069223456
2023-01-07 22:30:00+00:00,0.0,0.19509032201612816,27.43432752696084,7.000000000000002,-6.804909677983874
2023-01-07 22:35:00+00:00,0.0,0.1843802195426635,27.43432752696084,0.0,0.1843802195426635
2023-01-07 22:40:00+00:00,0.0,0.17364817766693028,27.43432752696084,0.0,0.17364817766693028
2023-01-07 22:45:00+00:00,0.0,0.1628954733945889,27.43432752696084,0.0,0.1628954733945889
2023-01-07 22:50:00+00:00,0.0,0.15212338618991708,27.43432752696084,0.0,0.15212338618991708
2023-01-07 22:55:00+00:00,0.0,0.14133319782356768,27.43432752696084,0.0,0.14133319782356768
2023-01-07 23:00:00+00:00,0.0,0.130526192220052,27.43432752696084,0.0,0.130526192220052
2023-01-07 23:05:00+00:00,0.0,0.11970365530496317,27.43432752696084,0.0,0.11970365530496317
2023-01-07 23:10:00+00:00,0.0,0.10886687485196457,27.43432752696084,0.0,0.10886687485196457
2023-01-07 23:15:00+00:00,0.0,0.09801714032956083,27.43432752696084,0.0,0.09801714032956083
2023-01-07 23:20:00+00:00,0.0,0.0871557427476582,27.43432752696084,0.0,0.0871557427476582
2023-01-07 23:25:00+00:00,0.0,0.07628397450395256,27.43432752696084,0.0,0.07628397450395256
2023-01-07 23:30:00+00:00,0.0,0.06540312923014312,27.43432752696084,0.0,0.06540312923014312
2023-01-07 23:35:00+00:00,0.0,0.0545145016380066,24.733710243010222,7.000000000000002,-6.945485498361995
2023-01-07 23:40:00+00:00,0.0,0.043619387365335625,24.733710243010222,0.0,0.043619387365335625
2023-01-07 23:45:00+00:00,0.0,0.032719082821776005,24.733710243010222,0.0,0.032719082821776005
2023-01-07 23:50:00+00:00,0.0,0.021814885034561218,24.733710243010222,0.0,0.021814885034561218
2023-01-07 23:55:00+00:00,0.0,0.010908091494182261,24.733710243010222,0.0,0.010908091494182261
2023-01-08 00:00:00+00:00,0.0,0.0,24.733710243010222,0.0,0.0
2023-01-08 00:05:00+00:00,0.0,0.010908091494182374,24.733710243010222,0.0,0.010908091494182374
2023-01-08 00:10:00+00:00,0.0,0.02181488503456112,24.733710243010222,0.0,0.02181488503456112
2023-01-08 00:15:00+00:00,0.0,0.03271908282177614,24.733710243010222,0.0,0.03271908282177614
2023-01-08 00:20:00+00:00,0.0,0.043619387365336,24.733710243010222,0.0,0.043619387365336
2023-01-08 00:25:00+00:00,0.0,0.05451450163800632,24.733710243010222,0.0,0.05451450163800632
2023-01-08 00:30:00+00:00,0.0,0.06540312923014306,24.733710243010222,0.0,0.06540312923014306
2023-01-08 00:35:00+00:00,0.0,0.07628397450395231,24.733710243010222,0.0,0.07628397450395231
2023-01-08 00:40:00+00:00,0.0,0.08715574274765817,24.733710243010222,0.0,0.08715574274765817
2023-01-08 00:45:00+00:00,0.0,0.0980171403295606,24.733710243010222,0.0,0.0980171403295606
2023-01-08 00:50:00+00:00,0.0,0.10886687485196457,24.733710243010222,0.0,0.10886687485196457
2023-01-08 00:55:00+00:00,0.0,0.1197036553049625,24.733710243010222,0.0,0.1197036553049625
2023-01-08 01:00:00+00:00,0.0,0.13052619222005157,24.733710243010222,0.0,0.13052619222005157
2023-01-08 01:05:00+00:00,0.0,0.14133319782356746,24.733710243010222,0.0,0.14133319782356746
2023-01-08 01:10:00+00:00,0.0,0.15212338618991672,24.733710243010222,0.0,0.15212338618991672
2023-01-08 01:15:00+00:00,0.0,0.16289547339458874,24.733710243010222,0.0,0.16289547339458874
2023-01-08 01:20:00+00:00,0.0,0.17364817766693033,24.733710243010222,0.0,0.17364817766693033
2023-01-08 01:25:00+00:00,0.0,0.1843802195426634,24.733710243010222,0.0,0.1843802195426634
2023-01-08 01:30:00+00:00,0.0,0.19509032201612825,24.733710243010222,0.0,0.19509032201612825
2023-01-08 01:35:00+00:00,0.0,0.2057772106922349,24.733710243010222,0.0,0.2057772106922349
2023-01-08 01:40:00+00:00,0.0,0.21643961393810285,24.733710243010222,0.0,0.21643961393810285
2023-01-08 01:45:00+00:00,0.0,0.2270762630343732,24.733710243010222,0.0,0.2270762630343732
2023-01-08 01:50:00+00:00,0.0,0.23768589232617313,24.733710243010222,0.0,0.23768589232617313
2023-01-08 01:55:00+00:00,0.0,0.24826723937371628,24.733710243010222,0.0,0.24826723937371628
2023-01-08 02:00:00+00:00,0.0,0.25881904510252074,24.733710243010222,0.0,0.25881904510252074
2023-01-08 02:05:00+00:00,0.0,0.269340053953226,24.733710243010222,0.0,0.269340053953226
2023-01-08 02:10:00+00:00,0.0,0.27982901403099203,24.733710243010222,0.0,0.27982901403099203
2023-01-08 02:15:00+00:00,0.0,0.29028467725446233,24.733710243010222,0.0,0.29028467725446233
2023-01-08 02:20:00+00:00,0.0,0.3007057995042732,24.733710243010222,0.0,0.3007057995042732
2023-01-08 02:25:00+00:00,0.0,0.3110911407710909,24.733710243010222,0.0,0.3110911407710909
2023-01-08 02:30:00+00:00,0.0,0.3214394653031616,24.733710243010222,0.0,0.3214394653031616
2023-01-08 02:35:00+00:00,0.0,0.3317495417533521,24.733710243010222,0.0,0.3317495417533521
2023-01-08 02:40:00+00:00,0.0,0.3420201433256687,24.733710243010222,0.0,0.3420201433256687
2023-01-08 02:45:00+00:00,0.0,0.3522500479212335,24.733710243010222,0.0,0.3522500479212335
2023-01-08 02:50:00+00:00,0.0,0.36243803828370164,24.733710243010222,0.0,0.36243803828370164
2023-01-08 02:55:00+00:00,0.0,0.37258290214410295,24.733710243010222,0.0,0.37258290214410295
2023-01-08 03:00:00+00:00,0.0,0.3826834323650898,24.733710243010222,0.0,0.3826834323650898
2023-01-08 03:05:00+00:00,0.0,0.39273842708457407,24.733710243010222,0.0,0.39273842708457407
2023-01-08 03:10:00+00:00,0.0,0.4027466898587372,24.733710243010222,0.0,0.4027466898587372
2023-01-08 03:15:00+00:00,0.0,0.4127070298043947,24.733710243010222,0.0,0.4127070298043947
2023-01-08 03:20:00+00:00,0.0,0.42261826174069944,24.733710243010222,0.0,0.42261826174069944
2023-01-08 03:25:00+00:00,0.0,0.4324792063301662,24.733710243010222,0.0,0.4324792063301662
2023-01-08 03:30:00+00:00,0.0,0.44228869021900125,24.733710243010222,0.0,0.44228869021900125
2023-01-08 03:35:00+00:00,0.0,0.45204554617671966,24.733710243010222,0.0,0.45204554617671966
2023-01-08 03:40:00+00:00,0.0,0.46174861323503386,24.733710243010222,0.0,0.46174861323503386
2023-01-08 03:45:00+00:00,0.0,0.4713967368259976,24.733710243010222,0.0,0.4713967368259976
2023-01-08 03:50:00+00:00,0.0,0.48098876891938763,24.733710243010222,0.0,0.48098876891938763
2023-01-08 03:55:00+00:00,0.0,0.490523568159308,24.733710243010222,0.0,0.490523568159308
2023-01-08 04:00:00+00:00,0.0,0.49999999999999994,24.733710243010222,0.0,0.49999999999999994
2023-01-08 04:05:00+00:00,0.0,0.5094169368408417,24.733710243010222,0.0,0.5094169368408417
2023-01-08 04:10:00+00:00,0.0,0.5187732581605214,24.733710243010222,0.0,0.5187732581605214
2023-01-08 04:15:00+00:00,0.0,0.528067850650368,24.733710243010222,0.0,0.528067850650368
2023-01-08 04:20:00+00:00,0.0,0.5372996083468238,24.733710243010222,0.0,0.5372996083468238
2023-01-08 04:25:00+00:00,0.0,0.5464674327630434,24.733710243010222,0.0,0.5464674327630434
2023-01-08 04:30:00+00:00,0.0,0.5555702330196022,24.733710243010222,0.0,0.5555702330196022
2023-01-08 04:35:00+00:00,0.0,0.5646069259743004,24.733710243010222,0.0,0.5646069259743004
2023-01-08 04:40:00+00:00,0.0,0.5735764363510462,24.733710243010222,0.0,0.5735764363510462
2023-01-08 04:45:00+00:00,0.0,0.5824776968678022,24.733710243010222,0.0,0.5824776968678022
2023-01-08 04:50:00+00:00,0.0,0.5913096483635824,24.733710243010222,0.0,0.5913096483635824
2023-01-08 04:55:00+00:00,0.0,0.600071239924481,24.733710243010222,0.0,0.600071239924481
2023-01-08 05:00:00+00:00,0.0,0.6087614290087207,24.733710243010222,0.0,0.6087614290087207
2023-01-08 05:05:00+00:00,0.0,0.6173791815707049,24.733710243010222,0.0,0.6173791815707049
2023-01-08 05:10:00+00:00,0.0,0.6259234721840591,24.733710243010222,0.0,0.6259234721840591
2023-01-08 05:15:00+00:00,0.0,0.6343932841636455,24.733710243010222,0.0,0.6343932841636455
2023-01-08 05:20:00+00:00,0.0,0.6427876096865393,24.733710243010222,0.0,0.6427876096865393
2023-01-08 05:25:00+00:00,0.0,0.6511054499119491,24.733710243010222,0.0,0.6511054499119491
2023-01-08 05:30:00+00:00,0.0,0.6593458151000688,24.733710243010222,0.0,0.6593458151000688
2023-01-08 05:35:00+00:00,0.0,0.6675077247298473,24.733710243010222,0.0,0.6675077247298473
2023-01-08 05:40:00+00:00,0.0,0.6755902076156602,24.733710243010222,0.0,0.6755902076156602
2023-01-08 05:45:00+00:00,0.0,0.6835923020228712,24.733710243010222,0.0,0.6835923020228712
2023-01-08 05:50:00+00:00,0.0,0.6915130557822694,24.733710243010222,0.0,0.6915130557822694
2023-01-08 05:55:00+00:00,0.0,0.6993515264033672,22.0330929590596,7.000000000000002,-6.300648473596635
2023-01-08 06:00:00+00:00,0.0,0.7071067811865475,22.0330929590596,0.0,0.7071067811865475
2023-01-08 06:05:00+00:00,0.0,0.7147778973340463,22.0330929590596,0.0,0.7147778973340463
2023-01-08 06:10:00+00:00,0.0,0.7223639620597555,22.0330929590596,0.0,0.7223639620597555
2023-01-08 06:15:00+00:00,0.0,0.7298640726978357,22.0330929590596,0.0,0.7298640726978357
2023-01-08 06:20:00+00:00,0.0,0.737277336810124,22.0330929590596,0.0,0.737277336810124
2023-01-08 06:25:00+00:00,0.0,0.7446028722923262,22.0330929590596,0.0,0.7446028722923262
2023-01-08 06:30:00+00:00,0.0,0.7518398074789774,22.0330929590596,0.0,0.7518398074789774
2023-01-08 06:35:00+00:00,0.0,0.7589872812471619,22.0330929590596,0.0,0.7589872812471619
2023-01-08 06:40:00+00:00,0.013150079999999998,0.766044443118978,22.0330929590596,0.0,0.7528943631189781
2023-01-08 06:45:00+00:00,0.020010038399999996,0.773010453362737,22.0330929590596,0.0,0.753000414962737
2023-01-08 06:50:00+00:00,0.04646361599999999,0.7798844830928817,22.0330929590596,0.0,0.7334208670928817
2023-01-08 06:55:00+00:00,0.08306467199999999,0.7866657143686171,22.0330929590596,0.0,0.7036010423686171
2023-01-08 07:00:00+00:00,0.11681654399999998,0.7933533402912352,22.0330929590596,0.0,0.6765367962912352
2023-01-08 07:05:00+00:00,0.136103328,0.7999465651001296,22.0330929590596,0.0,0.6638432371001296
2023-01-08 07:10:00+00:00,0.19768953599999997,0.8064446042674825,22.0330929590596,0.0,0.6087550682674826
2023-01-08 07:15:00+00:00,0.30902688,0.8128466845916152,22.0330929590596,0.0,0.5038198045916152
2023-01-08 07:20:00+00:00,0.30902688,0.8191520442889917,22.0330929590596,0.0,0.5101251642889917
2023-01-08 07:25:00+00:00,0.3725856,0.8253599330848638,22.0330929590596,0.0,0.45277433308486376
2023-01-08 07:30:00+00:00,0.32436863999999993,0.8314696123025451,22.0330929590596,0.0,0.5071009723025452
2023-01-08 07:35:00+00:00,0.4273775999999999,0.8374803549513078,22.0330929590596,0.0,0.4101027549513079
2023-01-08 07:40:00+00:00,0.5018947199999999,0.8433914458128857,22.0330929590596,0.0,0.3414967258128858
2023-01-08 07:45:00+00:00,0.6465455999999998,0.8492021815265789,22.0330929590596,0.0,0.20265658152657906
2023-01-08 07:50:00+00:00,0.9752975999999998,0.8549118706729465,22.0330929590596,0.0,-0.12038572932705327
2023-01-08 07:55:00+00:00,1.5604761599999997,0.8605198338560791,22.0330929590596,0.0,-0.6999563261439206
2023-01-08 08:00:00+00:00,1.8212860799999997,0.8660254037844386,22.0330929590596,0.0,-0.9552606762155611
2023-01-08 08:05:00+00:00,2.2355135999999995,0.8714279253502615,22.0330929590596,0.0,-1.364085674649738
2023-01-08 08:10:00+00:00,5.5668672,0.8767267557075077,22.0330929590596,0.0,-4.690140444292492
2023-01-08 08:15:00+00:00,8.109215999999998,0.881921264348355,22.0330929590596,0.0,-7.227294735651643
2023-01-08 08:20:00+00:00,9.7968096,0.8870108331782217,22.0330929590596,0.0,-8.909798766821778
2023-01-08 08:25:00+00:00,5.457283199999999,0.8919948565893141,22.0330929590596,0.0,-4.5652883434106855
2023-01-08 08:30:00+00:00,2.082096,0.8968727415326884,22.0330929590596,0.0,-1.1852232584673117
2023-01-08 08:35:00+00:00,1.6766351999999998,0.9016439075888161,22.0330929590596,0.0,-0.7749912924111837
2023-01-08 08:40:00+00:00,2.16318816,0.9063077870366498,22.0330929590596,0.0,-1.25688037296335
2023-01-08 08:45:00+00:00,2.4108479999999997,0.9108638249211758,22.0330929590596,0.0,-1.4999841750788239
2023-01-08 08:50:00+00:00,3.3094367999999994,0.9153114791194471,22.0330929590596,0.0,-2.394125320880552
2023-01-08 08:55:00+00:00,4.9970304,0.9196502204050923,22.0330929590596,0.0,-4.077380179594908
2023-01-08 09:00:00+00:00,8.109215999999998,0.9238795325112867,22.0330929590596,0.0,-7.185336467488711
2023-01-08 09:05:00+00:00,3.0902687999999996,0.9279989121921844,22.0330929590596,0.0,-2.162269887807815
2023-01-08 09:10:00+00:00,3.2217695999999996,0.9320078692827984,22.0330929590596,0.0,-2.289761730717201
2023-01-08 09:15:00+00:00,6.772291199999999,0.9359059267573256,22.0330929590596,0.0,-5.836385273242673
2023-01-08 09:20:00+00:00,4.7997792,0.9396926207859084,22.0330929590596,0.0,-3.8600865792140913
2023-01-08 09:25:00+00:00,3.243686399999999,0.9433675007898252,22.0330929590596,0.0,-2.3003188992101737
2023-01-08 09:30:00+00:00,2.9368511999999996,0.9469301294951056,22.0330929590596,0.0,-1.989921070504894
2023-01-08 09:35:00+00:00,2.5204319999999996,0.9503800829845611,22.0330929590596,0.0,-1.5700519170154386
2023-01-08 09:40:00+00:00,3.5505215999999997,0.9537169507482268,22.0330929590596,0.0,-2.596804649251773
2023-01-08 09:45:00+00:00,3.5505215999999997,0.9569403357322088,22.0330929590596,0.0,-2.593581264267791
2023-01-08 09:50:00+00:00,3.8354399999999993,0.9600498543859287,22.0330929590596,0.0,-2.8753901456140705
2023-01-08 09:55:00+00:00,4.164192,0.9630451367077626,22.0330929590596,0.0,-3.2011468632922373
2023-01-08 10:00:00+00:00,2.5642656,0.9659258262890683,22.0330929590596,0.0,-1.598339773710932
2023-01-08 10:05:00+00:00,1.8936115199999999,0.9686915803565931,22.0330929590596,0.0,-0.9249199396434068
2023-01-08 10:10:00+00:00,2.630016,0.9713420698132614,22.0330929590596,0.0,-1.6586739301867386
2023-01-08 10:15:00+00:00,1.4815756799999997,0.9738769792773336,22.0330929590596,0.0,-0.5076987007226661
2023-01-08 10:20:00+00:00,2.3012639999999998,0.9762960071199334,22.0330929590596,0.0,-1.3249679928800664
2023-01-08 10:25:00+00:00,2.4985152,0.9785988655009383,22.0330929590596,0.0,-1.5199163344990616
2023-01-08 10:30:00+00:00,1.8234777599999998,0.9807852804032304,22.0330929590596,0.0,-0.8426924795967694
2023-01-08 10:35:00+00:00,2.6957663999999992,0.9828549916653012,22.0330929590596,0.0,-1.7129114083346981
2023-01-08 10:40:00+00:00,12.470659199999997,0.984807753012208,22.0330929590596,0.0,-11.48585144698779
2023-01-08 10:45:00+00:00,10.8268992,0.986643332084879,22.0330929590596,0.0,-9.84025586791512
2023-01-08 10:50:00+00:00,3.3094367999999994,0.9883615104677607,22.0330929590596,0.0,-2.3210752895322386
2023-01-08 10:55:00+00:00,3.3313535999999995,0.9899620837148079,22.0330929590596,0.0,-2.3413915162851917
2023-01-08 11:00:00+00:00,3.616272,0.9914448613738104,22.0330929590596,0.0,-2.6248271386261894
2023-01-08 11:05:00+00:00,4.471027199999999,0.992809667009055,22.0330929590596,0.0,-3.478217532990944
2023-01-08 11:10:00+00:00,1.5100675199999998,0.9940563382223196,22.0330929590596,0.0,-0.5160111817776801
2023-01-08 11:15:00+00:00,1.0169395199999998,0.9951847266721969,22.0330929590596,0.0,-0.021754793327802835
2023-01-08 11:20:00+00:00,1.9089532799999998,0.9961946980917455,22.0330929590596,0.0,-0.9127585819082542
2023-01-08 11:25:00+00:00,1.7971775999999997,0.9970861323044666,22.0330929590596,0.0,-0.8000914676955331
2023-01-08 11:30:00+00:00,1.4706172799999975,0.9978589232386035,22.0330929590596,0.0,-0.472758356761394
2023-01-08 11:35:00+00:00,1.82786112,0.9985129789397631,22.0330929590596,0.0,-0.8293481410602368
2023-01-08 11:40:00+00:00,2.630016,0.9990482215818578,22.0330929590596,0.0,-1.630967778418142
2023-01-08 11:45:00+00:00,2.8491839999999997,0.9994645874763657,22.0330929590596,0.0,-1.849719412523634
2023-01-08 11:50:00+00:00,5.194281599999999,0.9997620270799091,22.0330929590596,0.0,-4.19451957292009
2023-01-08 11:55:00+00:00,3.8135231999999997,0.9999405050001497,22.0330929590596,0.0,-2.81358269499985
2023-01-08 12:00:00+00:00,1.9549785599999996,1.0,22.0330929590596,0.0,-0.9549785599999996
2023-01-08 12:05:00+00:00,1.57581792,0.9999405050001497,22.0330929590596,0.0,-0.5758774149998502
2023-01-08 12:10:00+00:00,4.2956928,0.9997620270799091,22.0330929590596,0.0,-3.2959307729200913
2023-01-08 12:15:00+00:00,3.7477728,0.9994645874763657,20.00000004967053,5.269776821136476,-8.01808503366011
2023-01-08 12:20:00+00:00,1.9089532799999998,0.9990482215818578,20.00000004967053,0.0,-0.909905058418142
2023-01-08 12:25:00+00:00,1.8103276799999974,0.9985129789397631,20.00000004967053,0.0,-0.8118147010602343
2023-01-08 12:30:00+00:00,2.0514124799999975,0.9978589232386035,20.00000004967053,0.0,-1.053553556761394
2023-01-08 12:35:00+00:00,1.4311670399999996,0.9970861323044666,20.00000004967053,0.0,-0.434080907695533
2023-01-08 12:40:00+00:00,0.8328383999999999,0.9961946980917455,20.00000004967053,0.0,0.16335629809174568
2023-01-08 12:45:00+00:00,0.95118912,0.9951847266721969,20.00000004967053,0.0,0.04399560667219693
2023-01-08 12:50:00+00:00,0.8854387199999999,0.9940563382223196,20.00000004967053,0.0,0.10861761822231975
2023-01-08 12:55:00+00:00,0.9161222399999999,0.992809667009055,20.00000004967053,0.0,0.07668742700905518
2023-01-08 13:00:00+00:00,0.7210627199999999,0.9914448613738104,20.00000004967053,0.0,0.27038214137381045
2023-01-08 13:05:00+00:00,1.28651616,0.9899620837148079,20.00000004967053,0.0,-0.29655407628519204
2023-01-08 13:10:00+00:00,2.3450975999999994,0.9883615104677607,20.00000004967053,0.0,-1.3567360895322387
2023-01-08 13:15:00+00:00,1.9900454399999976,0.986643332084879,20.00000004967053,0.0,-1.0034021079151185
2023-01-08 13:20:00+00:00,1.2777494399999998,0.984807753012208,20.00000004967053,0.0,-0.29294168698779177
2023-01-08 13:25:00+00:00,0.86790528,0.9828549916653012,20.00000004967053,0.0,0.11494971166530121
2023-01-08 13:30:00+00:00,0.8043465599999999,0.9807852804032304,20.00000004967053,0.0,0.1764387204032305
2023-01-08 13:35:00+00:00,1.0300896,0.9785988655009383,20.00000004967053,0.0,-0.05149073449906161
2023-01-08 13:40:00+00:00,0.76489632,0.9762960071199334,20.00000004967053,0.0,0.2113996871199334
2023-01-08 13:45:00+00:00,0.74955456,0.9738769792773336,20.00000004967053,0.0,0.22432241927733365
2023-01-08 13:50:00+00:00,0.7780463999999998,0.9713420698132614,20.00000004967053,0.0,0.19329566981326163
2023-01-08 13:55:00+00:00,0.7583212799999999,0.9686915803565931,20.00000004967053,0.0,0.2103703003565932
2023-01-08 14:00:00+00:00,0.6728457599999977,0.9659258262890683,20.00000004967053,0.0,0.2930800662890706
2023-01-08 14:05:00+00:00,0.5654534399999999,0.9630451367077627,20.00000004967053,0.0,0.39759169670776284
2023-01-08 14:10:00+00:00,1.1287151999999998,0.9600498543859287,20.00000004967053,0.0,-0.1686653456140711
2023-01-08 14:15:00+00:00,0.8306467199999977,0.9569403357322089,20.00000004967053,0.0,0.1262936157322112
2023-01-08 14:20:00+00:00,0.4032691199999999,0.9537169507482269,20.00000004967053,0.0,0.550447830748227
2023-01-08 14:25:00+00:00,0.3506688,0.9503800829845611,20.00000004967053,0.0,0.5997112829845611
2023-01-08 14:30:00+00:00,0.383544,0.9469301294951057,20.00000004967053,0.0,0.5633861294951057
2023-01-08 14:35:00+00:00,0.195717024,0.9433675007898252,20.00000004967053,0.0,0.7476504767898252
2023-01-08 14:40:00+00:00,0.15122591999999996,0.9396926207859084,20.00000004967053,0.0,0.7884667007859085
2023-01-08 14:45:00+00:00,0.17621107199999778,0.9359059267573258,20.00000004967053,0.0,0.759694854757328
2023-01-08 14:50:00+00:00,0.17007436799999778,0.9320078692827986,20.00000004967053,0.0,0.7619335012828008
2023-01-08 14:55:00+00:00,0.11396735999999999,0.9279989121921847,20.00000004967053,0.0,0.8140315521921847
2023-01-08 15:00:00+00:00,0.11528236799999998,0.9238795325112868,20.00000004967053,0.0,0.8085971645112868
2023-01-08 15:05:00+00:00,0.094023072,0.9196502204050921,20.00000004967053,0.0,0.8256271484050921
2023-01-08 15:10:00+00:00,0.10322812799999997,0.9153114791194472,20.00000004967053,0.0,0.8120833511194472
2023-01-08 15:15:00+00:00,0.12404908799999999,0.9108638249211759,20.00000004967053,0.0,0.7868147369211759
2023-01-08 15:20:00+00:00,0.083941344,0.90630778703665,20.00000004967053,0.0,0.8223664430366501
2023-01-08 15:25:00+00:00,0.028053503999999996,0.9016439075888163,20.00000004967053,0.0,0.8735904035888163
2023-01-08 15:30:00+00:00,0.012010406399999998,0.8968727415326884,20.00000004967053,0.0,0.8848623351326884
2023-01-08 15:35:00+00:00,0.003857356799999999,0.8919948565893142,20.00000004967053,0.0,0.8881374997893142
2023-01-08 15:40:00+00:00,0.0,0.8870108331782218,20.00000004967053,0.0,0.8870108331782218
2023-01-08 15:45:00+00:00,0.0,0.881921264348355,20.00000004967053,0.0,0.881921264348355
2023-01-08 15:50:00+00:00,0.0010322812799999999,0.8767267557075076,20.00000004967053,0.0,0.8756944744275076
2023-01-08 15:55:00+00:00,0.0,0.8714279253502614,20.00000004967053,0.0,0.8714279253502614
2023-01-08 16:00:00+00:00,0.0,0.8660254037844387,20.00000004967053,0.0,0.8660254037844387
2023-01-08 16:05:00+00:00,0.0,0.8605198338560792,20.00000004967053,0.0,0.8605198338560792
2023-01-08 16:10:00+00:00,0.0,0.8549118706729465,20.00000004967053,0.0,0.8549118706729465
2023-01-08 16:15:00+00:00,0.0010322812799999999,0.8492021815265789,20.00000004967053,0.0,0.8481699002465789
2023-01-08 16:20:00+00:00,0.0007517462399999999,0.8433914458128858,20.00000004967053,0.0,0.8426396995728859
2023-01-08 16:25:00+00:00,0.0015955430399999997,0.8374803549513079,20.00000004967053,0.0,0.8358848119113079
2023-01-08 16:30:00+00:00,0.0,0.8314696123025451,20.00000004967053,0.0,0.8314696123025451
2023-01-08 16:35:00+00:00,0.0,0.8253599330848639,20.00000004967053,0.0,0.8253599330848639
2023-01-08 16:40:00+00:00,0.0026300159999999998,0.8191520442889917,20.00000004967053,0.0,0.8165220282889917
2023-01-08 16:45:00+00:00,0.0,0.8128466845916152,20.00000004967053,0.0,0.8128466845916152
2023-01-08 16:50:00+00:00,0.0023450975999999998,0.8064446042674828,20.00000004967053,0.0,0.8040995066674828
2023-01-08 16:55:00+00:00,0.0056326176,0.7999465651001297,20.00000004967053,0.0,0.7943139475001297
2023-01-08 17:00:00+00:00,0.012580243199999999,0.7933533402912352,20.00000004967053,0.0,0.7807730970912352
2023-01-08 17:05:00+00:00,0.014552755199999998,0.7866657143686171,20.00000004967053,0.0,0.7721129591686171
2023-01-08 17:10:00+00:00,0.0,0.7798844830928818,20.00000004967053,0.0,0.7798844830928818
2023-01-08 17:15:00+00:00,0.0,0.7730104533627371,20.00000004967053,0.0,0.7730104533627371
2023-01-08 17:20:00+00:00,0.0,0.7660444431189783,20.00000004967053,0.0,0.7660444431189783
2023-01-08 17:25:00+00:00,0.0,0.7589872812471617,20.00000004967053,0.0,0.7589872812471617
2023-01-08 17:30:00+00:00,0.0,0.7518398074789774,20.00000004967053,0.0,0.7518398074789774
2023-01-08 17:35:00+00:00,0.0,0.7446028722923264,20.00000004967053,0.0,0.7446028722923264
2023-01-08 17:40:00+00:00,0.0,0.7372773368101241,20.00000004967053,0.0,0.7372773368101241
2023-01-08 17:45:00+00:00,0.0,0.7298640726978356,20.00000004967053,0.0,0.7298640726978356
2023-01-08 17:50:00+00:00,0.0,0.7223639620597556,20.00000004967053,0.0,0.7223639620597556
2023-01-08 17:55:00+00:00,0.0,0.7147778973340463,20.00000004967053,0.0,0.7147778973340463
