Time,date,hour,hour_sin,hour_cos,day_of_year,doy_sin,doy_cos,Diffus_kW,Global0_kW,Global45_kW,Global60_kW,Global30_kW,ClearSky0_kW
2023-03-06 00:00:00,2023-03-06,0,-1.567547902908612e-14,1.0,65,0.8916504299249456,0.4527245418735985,-0.000653,-0.000546,-0.000221,-0.000394,-0.000321,
2023-03-06 00:15:00,2023-03-06,0,0.0654031292301153,0.9978589232386054,65,0.8917315418520483,0.4525647547767819,-0.00115,-0.000993,-0.000555,-0.000593,-0.000823,
2023-03-06 00:30:00,2023-03-06,0,0.1305261922200684,0.9914448613738082,65,0.891812625144705,0.4524049531476306,-0.0006,-0.000461,-6.890000000000001e-05,-0.000195,-0.000347,
2023-03-06 00:45:00,2023-03-06,0,0.1950903220160774,0.9807852804032404,65,0.8918936798003121,0.4522451369912765,-0.00106,-0.000887,-0.00147,-0.00146,-0.0022,
2023-03-06 01:00:00,2023-03-06,1,0.2588190451025139,0.96592582628907,65,0.8919747058162668,0.452085306312851,-0.00195,-0.00156,-0.00157,-0.00159,-0.00257,
2023-03-06 01:15:00,2023-03-06,1,0.3214394653031434,0.9469301294951118,65,0.8920557031899672,0.4519254611174868,-0.00407,-0.00367,-0.00102,-0.00105,-0.00243,
2023-03-06 01:30:00,2023-03-06,1,0.3826834323650609,0.9238795325112988,65,0.8921366719188125,0.4517656014103166,0.000199,0.000319,-0.000348,-0.000505,-0.000947,
2023-03-06 01:45:00,2023-03-06,1,0.4422886902190134,0.8968727415326823,65,0.8922176120002029,0.4516057271964732,0.000587,0.000699,0.000124,0.000214,8.14e-05,
2023-03-06 02:00:00,2023-03-06,2,0.499999999999952,0.8660254037844664,65,0.8922985234315389,0.4514458384810911,-0.00247,-0.00244,-0.000776,-0.000707,-0.0011799999999999,
2023-03-06 02:15:00,2023-03-06,2,0.5555702330195934,0.8314696123025511,65,0.8923794062102227,0.4512859352693039,-0.00224,-0.00218,-0.00232,-0.00184,-0.00333,
2023-03-06 02:30:00,2023-03-06,2,0.6087614290087027,0.7933533402912489,65,0.8924602603336568,0.4511260175662467,-0.00392,-0.00356,-0.00145,-0.00161,-0.00282,
2023-03-06 02:45:00,2023-03-06,2,0.6593458151000855,0.7518398074789628,65,0.8925410857992451,0.4509660853770543,-0.00079,-0.000734,-0.00113,-0.00106,-0.00166,
2023-03-06 03:00:00,2023-03-06,3,0.7071067811865547,0.7071067811865405,65,0.892621882604392,0.4508061387068625,-0.0025,-0.00202,-0.000438,-0.000195,-0.00104,
2023-03-06 03:15:00,2023-03-06,3,0.7518398074789386,0.6593458151001131,65,0.8927026507465032,0.4506461775608074,-0.00206,-0.00155,-0.000579,-0.000696,-0.000561,
2023-03-06 03:30:00,2023-03-06,3,0.7933533402912266,0.6087614290087318,65,0.8927833902229853,0.4504862019440249,-0.000703,-0.000422,-0.000489,-0.000443,-0.000797,
2023-03-06 03:45:00,2023-03-06,3,0.8314696123025307,0.5555702330196239,65,0.8928641010312452,0.4503262118616529,-0.00215,-0.00184,-0.000776,-0.000952,-0.00114,
2023-03-06 04:00:00,2023-03-06,4,0.8660254037844479,0.4999999999999838,65,0.8929447831686916,0.4501662073188281,-0.000715,-0.000578,-0.000334,-0.000398,-0.0006,
2023-03-06 04:15:00,2023-03-06,4,0.8968727415326913,0.4422886902189954,65,0.8930254366327336,0.4500061883206891,-0.00127,-0.00102,-0.000976,-0.00114,-0.00132,
2023-03-06 04:30:00,2023-03-06,4,0.9238795325112628,0.3826834323651474,65,0.8931060614207812,0.4498461548723739,9.51e-05,0.000333,-0.000941,-0.000791,-0.00126,
2023-03-06 04:45:00,2023-03-06,4,0.9469301294951,0.3214394653031782,65,0.8931866575302456,0.4496861069790212,-0.00195,-0.0017,-0.00113,-0.0014299999999999,-0.00148,
2023-03-06 05:00:00,2023-03-06,5,0.9659258262890608,0.2588190451025494,65,0.8932672249585387,0.4495260446457706,-0.000529,-0.000443,-0.000238,-0.000528,-0.000176,
2023-03-06 05:15:00,2023-03-06,5,0.9807852804032334,0.1950903220161134,65,0.8933477637030737,0.4493659678777614,-0.00115,-0.00101,-0.0008,-0.000917,-0.00114,
2023-03-06 05:30:00,2023-03-06,5,0.9914448613738108,0.1305261922200485,65,0.8934282737612638,0.4492058766801345,-0.00211,-0.00197,-0.000327,-0.000466,-0.000784,
2023-03-06 05:45:00,2023-03-06,5,0.9978589232385991,0.0654031292302087,65,0.8935087551305241,0.4490457710580304,0.00177,0.00181,0.000872,0.000638,0.000638,
2023-03-06 06:00:00,2023-03-06,6,1.0,2.1065781887244243e-14,65,0.8935892078082704,0.4488856510165899,0.00441,0.00455,0.00454,0.00389,0.00439,
2023-03-06 06:15:00,2023-03-06,6,0.9978589232386056,-0.06540312923011,65,0.8936696317919189,0.448725516560955,0.0105,0.0106,0.00816,0.00662,0.00816,
2023-03-06 06:30:00,2023-03-06,6,0.9914448613738088,-0.1305261922200631,65,0.8937500270788876,0.4485653676962675,0.0059299999999999,0.0059299999999999,0.0042699999999999,0.00381,0.00454,
2023-03-06 06:45:00,2023-03-06,6,0.9807852804032304,-0.1950903220161278,65,0.8938303936665944,0.4484052044276703,0.0161,0.0159,0.0182,0.0168,0.0186999999999999,
2023-03-06 07:00:00,2023-03-06,7,0.9659258262890862,-0.2588190451024538,65,0.893910731552459,0.4482450267603061,0.0257,0.0253,0.0263,0.0238999999999999,0.0271,
2023-03-06 07:15:00,2023-03-06,7,0.9469301294951136,-0.3214394653031383,65,0.8939910407339016,0.4480848346993183,0.0367,0.0359,0.0326,0.0299,0.0343,
2023-03-06 07:30:00,2023-03-06,7,0.9238795325113008,-0.3826834323650559,65,0.8940713212083432,0.4479246282498514,0.0477999999999999,0.0471,0.0437,0.0396,0.0456,
2023-03-06 07:45:00,2023-03-06,7,0.8968727415326847,-0.4422886902190086,65,0.8941515729732061,0.4477644074170492,0.0669,0.0660999999999999,0.0749,0.0718,0.0742999999999999,
2023-03-06 08:00:00,2023-03-06,8,0.8660254037844406,-0.4999999999999966,65,0.8942317960259133,0.4476041722060569,0.218,0.315,0.414,0.378,0.4,
2023-03-06 08:15:00,2023-03-06,8,0.8314696123025226,-0.5555702330196362,65,0.8943119903638886,0.4474439226220196,0.206,0.434,0.609,0.558,0.581,
2023-03-06 08:30:00,2023-03-06,8,0.7933533402912523,-0.6087614290086983,65,0.8943921559845572,0.4472836586700832,0.29,0.387,0.514,0.475,0.493,
2023-03-06 08:45:00,2023-03-06,8,0.7518398074790038,-0.6593458151000388,65,0.8944722928853446,0.447123380355394,0.171,0.169,0.163,0.144,0.167,
2023-03-06 09:00:00,2023-03-06,9,0.7071067811865442,-0.7071067811865508,65,0.8945524010636776,0.4469630876830986,0.14,0.138,0.111,0.0953,0.118,
2023-03-06 09:15:00,2023-03-06,9,0.6593458151000744,-0.7518398074789725,65,0.8946324805169839,0.4468027806583444,0.11,0.108,0.0989,0.0883,0.103,
2023-03-06 09:30:00,2023-03-06,9,0.608761429008691,-0.7933533402912579,65,0.8947125312426919,0.4466424592862785,0.107,0.105,0.091,0.0854,0.095,
2023-03-06 09:45:00,2023-03-06,9,0.5555702330196285,-0.8314696123025277,65,0.8947925532382313,0.4464821235720497,0.127,0.124,0.122,0.113,0.125,
2023-03-06 10:00:00,2023-03-06,10,0.5000000000000377,-0.8660254037844168,65,0.8948725465010323,0.4463217735208061,0.155,0.152,0.128,0.118,0.134,
2023-03-06 10:15:00,2023-03-06,10,0.4422886902190002,-0.8968727415326888,65,0.8949525110285266,0.4461614091376964,0.226,0.223,0.205,0.183,0.214,
2023-03-06 10:30:00,2023-03-06,10,0.3826834323650998,-0.9238795325112826,65,0.895032446818146,0.4460010304278709,0.24,0.237,0.252,0.238,0.252,
2023-03-06 10:45:00,2023-03-06,10,0.3214394653031295,-0.9469301294951166,65,0.895112353867324,0.4458406373964789,0.24,0.237,0.246,0.227,0.249,
2023-03-06 11:00:00,2023-03-06,11,0.2588190451025546,-0.9659258262890592,65,0.8951922321734944,0.4456802300486711,0.35,0.75,0.997,0.953,0.971,
2023-03-06 11:15:00,2023-03-06,11,0.1950903220161744,-0.9807852804032212,65,0.8952720817340926,0.4455198083895983,0.358,0.387,0.482,0.46,0.471,
2023-03-06 11:30:00,2023-03-06,11,0.1305261922200539,-0.9914448613738102,65,0.8953519025465542,0.4453593724244115,0.361,0.51,0.627,0.6,0.616,
2023-03-06 11:45:00,2023-03-06,11,0.0654031292301574,-0.9978589232386026,65,0.8954316946083163,0.4451989221582629,0.21,0.787,1.11,1.1,1.07,
2023-03-06 12:00:00,2023-03-06,12,-3.0387334115405665e-14,-1.0,65,0.8955114579168166,0.4450384575963042,0.247,0.715,0.994,0.981,0.961,
2023-03-06 12:15:00,2023-03-06,12,-0.0654031292301046,-0.997858923238606,65,0.8955911924694938,0.4448779787436888,0.343,0.6,0.791,0.779,0.781,
2023-03-06 12:30:00,2023-03-06,12,-0.1305261922200014,-0.991444861373817,65,0.8956708982637875,0.4447174856055695,0.366,0.617,0.804,0.794,0.788,
2023-03-06 12:45:00,2023-03-06,12,-0.1950903220161225,-0.9807852804032317,65,0.8957505752971385,0.4445569781870997,0.349,0.612,0.815,0.812,0.789,
2023-03-06 13:00:00,2023-03-06,13,-0.2588190451025035,-0.9659258262890728,65,0.8958302235669879,0.4443964564934338,0.303,0.576,0.771,0.77,0.756,
2023-03-06 13:15:00,2023-03-06,13,-0.321439465303187,-0.946930129495097,65,0.8959098430707785,0.444235920529726,0.243,0.761,1.04,1.06,1.02,
2023-03-06 13:30:00,2023-03-06,13,-0.382683432365051,-0.9238795325113028,65,0.8959894338059533,0.4440753703011316,0.191,0.687,0.966,0.984,0.938,
2023-03-06 13:45:00,2023-03-06,13,-0.4422886902190037,-0.896872741532687,65,0.896068995769957,0.4439148058128055,0.203,0.658,0.908,0.932,0.885,
2023-03-06 14:00:00,2023-03-06,14,-0.4999999999999919,-0.8660254037844433,65,0.8961485289602342,0.4437542270699044,0.28,0.698,0.926,0.939,0.911,
2023-03-06 14:15:00,2023-03-06,14,-0.5555702330195844,-0.8314696123025571,65,0.8962280333742313,0.4435936340775842,0.19,0.58,0.816,0.847,0.796,
2023-03-06 14:30:00,2023-03-06,14,-0.6087614290087392,-0.793353340291221,65,0.8963075090093955,0.4434330268410015,0.213,0.548,0.749,0.781,0.736,
2023-03-06 14:45:00,2023-03-06,14,-0.6593458151000346,-0.7518398074790074,65,0.8963869558631744,0.4432724053653141,0.218,0.253,0.284,0.278,0.285,
2023-03-06 15:00:00,2023-03-06,15,-0.707106781186547,-0.707106781186548,65,0.8964663739330172,0.4431117696556793,0.271,0.543,0.722,0.756,0.714,
2023-03-06 15:15:00,2023-03-06,15,-0.751839807478969,-0.6593458151000785,65,0.8965457632163735,0.4429511197172555,0.174,0.38,0.519,0.557,0.511,
2023-03-06 15:30:00,2023-03-06,15,-0.7933533402912201,-0.6087614290087404,65,0.8966251237106941,0.4427904555552011,0.173,0.36,0.484,0.525,0.478,
2023-03-06 15:45:00,2023-03-06,15,-0.8314696123025563,-0.5555702330195856,65,0.8967044554134307,0.4426297771746753,0.117,0.199,0.265,0.291,0.261,
2023-03-06 16:00:00,2023-03-06,16,-0.8660254037844142,-0.5000000000000424,65,0.8967837583220356,0.442469084580838,0.0916,0.223,0.332,0.381,0.325,
2023-03-06 16:15:00,2023-03-06,16,-0.8968727415326865,-0.4422886902190051,65,0.8968630324339627,0.4423083777788487,0.0617999999999999,0.149,0.23,0.271,0.224,
2023-03-06 16:30:00,2023-03-06,16,-0.9238795325112804,-0.3826834323651048,65,0.8969422777466661,0.4421476567738683,0.0575,0.0663,0.0787,0.0839,0.0778,
2023-03-06 16:45:00,2023-03-06,16,-0.9469301294950966,-0.3214394653031884,65,0.8970214942576014,0.4419869215710574,0.0665999999999999,0.0764,0.0881,0.0963,0.0883,
2023-03-06 17:00:00,2023-03-06,17,-0.9659258262890724,-0.2588190451025049,65,0.8971006819642247,0.4418261721755774,0.0305,0.0378,0.0495,0.0603999999999999,0.0486,
2023-03-06 17:15:00,2023-03-06,17,-0.9807852804032202,-0.1950903220161797,65,0.8971798408639933,0.4416654085925902,0.00498,0.00504,0.00671,0.0065899999999999,0.00523,
2023-03-06 17:30:00,2023-03-06,17,-0.9914448613738094,-0.1305261922200592,65,0.8972589709543652,0.4415046308272581,-0.00397,-0.00352,-0.00102,-0.00121,-0.00265,
2023-03-06 17:45:00,2023-03-06,17,-0.9978589232386024,-0.0654031292301628,65,0.8973380722327996,0.4413438388847441,-0.00555,-0.00487,-0.00227,-0.00232,-0.00385,
2023-03-06 18:00:00,2023-03-06,18,-1.0,-3.1846387603560475e-14,65,0.8974171446967563,0.4411830327702111,-0.004,-0.00333,-0.00221,-0.00235,-0.00369,
2023-03-06 18:15:00,2023-03-06,18,-0.9978589232386028,0.0654031292301559,65,0.8974961883436964,0.4410222124888227,-0.0057199999999999,-0.00516,-0.00149,-0.00159,-0.00314,
2023-03-06 18:30:00,2023-03-06,18,-0.9914448613738176,0.1305261922199961,65,0.8975752031710815,0.4408613780457432,-0.000575,-0.00023,-0.000793,-0.000929,-0.0019,
2023-03-06 18:45:00,2023-03-06,18,-0.9807852804032328,0.1950903220161172,65,0.8976541891763746,0.4407005294461369,-0.0020299999999999,-0.00146,-0.000107,-1.53e-05,-0.000643,
2023-03-06 19:00:00,2023-03-06,19,-0.9659258262890744,0.2588190451024982,65,0.8977331463570393,0.4405396666951691,-0.00261,-0.002,-0.00129,-0.00105,-0.0019,
2023-03-06 19:15:00,2023-03-06,19,-0.9469301294950988,0.3214394653031819,65,0.89781207471054,0.4403787897980051,-0.0037,-0.0030499999999999,-0.00228,-0.0021,-0.0033799999999999,
2023-03-06 19:30:00,2023-03-06,19,-0.9238795325112832,0.3826834323650985,65,0.8978909742343425,0.4402178987598111,-0.00369,-0.00299,-0.00202,-0.00188,-0.00317,
2023-03-06 19:45:00,2023-03-06,19,-0.8968727415327146,0.4422886902189479,65,0.897969844925913,0.4400569935857534,-0.00335,-0.0026,-0.00151,-0.00153,-0.00294,
2023-03-06 20:00:00,2023-03-06,20,-0.866025403784446,0.4999999999999873,65,0.8980486867827191,0.4398960742809984,-0.00366,-0.0030499999999999,-0.0014199999999999,-0.00149,-0.0030299999999999,
2023-03-06 20:15:00,2023-03-06,20,-0.8314696123025601,0.55557023301958,65,0.898127499802229,0.4397351408507139,-0.00215,-0.00132,-0.000989,-0.00105,-0.00234,
2023-03-06 20:30:00,2023-03-06,20,-0.7933533402912242,0.608761429008735,65,0.8982062839819119,0.4395741933000673,-0.00451,-0.00413,-0.00106,-0.00122,-0.00248,
2023-03-06 20:45:00,2023-03-06,20,-0.7518398074789735,0.6593458151000733,65,0.8982850393192381,0.439413231634227,-0.00397,-0.0031,-0.000948,-0.00102,-0.00237,
2023-03-06 21:00:00,2023-03-06,21,-0.7071067811865921,0.707106781186503,65,0.8983637658116784,0.4392522558583618,-0.00206,-0.0011799999999999,-0.000772,-0.000845,-0.00199,
2023-03-06 21:15:00,2023-03-06,21,-0.6593458151000825,0.7518398074789654,65,0.8984424634567052,0.4390912659776403,-0.00122,-0.000433,-0.000745,-0.000891,-0.00215,
2023-03-06 21:30:00,2023-03-06,21,-0.6087614290087446,0.7933533402912167,65,0.8985211322517911,0.4389302619972327,-0.00079,-0.000323,-7.240000000000001e-05,-0.000233,-0.00087,
2023-03-06 21:45:00,2023-03-06,21,-0.5555702330195902,0.8314696123025533,65,0.8985997721944101,0.4387692439223083,-0.00122,-0.000521,0.000152,6.879999999999999e-05,-0.000853,
2023-03-06 22:00:00,2023-03-06,22,-0.4999999999999979,0.8660254037844399,65,0.898678383282037,0.4386082117580383,0.000947,0.00147,-0.000221,-0.000119,-0.000283,
2023-03-06 22:15:00,2023-03-06,22,-0.4422886902190608,0.896872741532659,65,0.8987569655121476,0.438447165509593,-0.00335,-0.00279,-0.0011899999999999,-0.00115,-0.00263,
2023-03-06 22:30:00,2023-03-06,22,-0.3826834323651098,0.9238795325112784,65,0.8988355188822184,0.438286105182144,-0.00252,-0.00188,-0.00133,-0.00125,-0.00277,
2023-03-06 22:45:00,2023-03-06,22,-0.3214394653031935,0.9469301294950948,65,0.8989140433897268,0.4381250307808633,-0.00145,-0.000865,-0.000841,-0.000807,-0.00207,
2023-03-06 23:00:00,2023-03-06,23,-0.2588190451025101,0.9659258262890712,65,0.8989925390321516,0.4379639423109228,-0.00231,-0.00185,-0.000903,-0.000967,-0.0022299999999999,
2023-03-06 23:15:00,2023-03-06,23,-0.1950903220161292,0.9807852804032302,65,0.8990710058069721,0.4378028397774957,-0.00265,-0.00204,-0.000665,-0.000558,-0.00175,
2023-03-06 23:30:00,2023-03-06,23,-0.1305261922201209,0.9914448613738012,65,0.8991494437116686,0.4376417231857548,-0.000749,-0.000539,1.38e-05,-6.879999999999999e-05,-0.000767,
2023-03-06 23:45:00,2023-03-06,23,-0.0654031292301681,0.9978589232386018,65,0.8992278527437226,0.4374805925408736,-0.000724,-0.000447,0.000262,0.000252,-0.000266,
2023-03-07 00:00:00,2023-03-07,0,-3.7236690461718594e-14,1.0,66,0.8993062329006162,0.4373194478480264,-0.00153,-0.00122,-0.000355,-0.000115,-0.000917,
2023-03-07 00:15:00,2023-03-07,0,0.0654031292301506,0.997858923238603,66,0.8993845841798324,0.4371582891123878,-0.000562,-0.000411,-0.000117,-1.15e-05,-0.000356,
2023-03-07 00:30:00,2023-03-07,0,0.1305261922200471,0.991444861373811,66,0.8994629065788552,0.4369971163391329,0.00115,0.0011,-6.2e-05,6.12e-05,-0.000257,
2023-03-07 00:45:00,2023-03-07,0,0.1950903220161677,0.9807852804032224,66,0.8995412000951698,0.4368359295334367,0.000289,0.00033,-0.000238,-0.000153,-0.0006,
2023-03-07 01:00:00,2023-03-07,1,0.2588190451024931,0.9659258262890758,66,0.899619464726262,0.4366747287004755,-0.000608,-0.000511,2.4100000000000003e-05,0.000145,-0.000137,
2023-03-07 01:15:00,2023-03-07,1,0.321439465303123,0.9469301294951188,66,0.8996977004696186,0.4365135138454254,-0.0011799999999999,-0.00105,-0.000365,-0.000264,-0.000878,
2023-03-07 01:30:00,2023-03-07,1,0.3826834323650935,0.9238795325112852,66,0.8997759073227276,0.436352284973463,-0.000649,-0.000511,-0.000238,-8.41e-05,-0.000416,
2023-03-07 01:45:00,2023-03-07,1,0.4422886902189941,0.8968727415326918,66,0.8998540852830775,0.4361910420897659,-0.00162,-0.00145,-0.000772,-0.000772,-0.00157,
2023-03-07 02:00:00,2023-03-07,2,0.5000000000000319,0.8660254037844203,66,0.8999322343481579,0.4360297851995115,-0.000931,-0.000837,-0.0002,-0.00021,-0.000887,
2023-03-07 02:15:00,2023-03-07,2,0.5555702330195755,0.8314696123025631,66,0.9000103545154594,0.4358685143078783,-0.000521,-0.000436,-3.45e-05,-0.000122,-0.000548,
2023-03-07 02:30:00,2023-03-07,2,0.6087614290086856,0.793353340291262,66,0.9000884457824734,0.4357072294200446,-0.00134,-0.00104,-0.000503,-0.000547,-0.00132,
2023-03-07 02:45:00,2023-03-07,2,0.6593458151000693,0.751839807478977,66,0.9001665081466925,0.4355459305411893,-0.000902,-0.00066,1.7199999999999998e-05,5.35e-05,-0.000677,
2023-03-07 03:00:00,2023-03-07,3,0.7071067811865394,0.7071067811865557,66,0.9002445416056098,0.4353846176764923,-0.0014399999999999,-0.00101,4.48e-05,0.000149,-0.000626,
2023-03-07 03:15:00,2023-03-07,3,0.7518398074789994,0.6593458151000439,66,0.9003225461567199,0.435223290831133,-0.00179,-0.00163,-9.31e-05,7.65e-06,-6.429999999999999e-05,
2023-03-07 03:30:00,2023-03-07,3,0.7933533402912135,0.608761429008749,66,0.9004005217975177,0.435061950010292,-0.000438,-0.000188,-0.00011,0.000187,-0.000219,
2023-03-07 03:45:00,2023-03-07,3,0.8314696123025187,0.5555702330196419,66,0.9004784685254993,0.4349005952191505,0.000405,0.000553,-0.000745,-0.000528,-0.00081,
2023-03-07 04:00:00,2023-03-07,4,0.8660254037844372,0.5000000000000026,66,0.9005563863381619,0.4347392264628891,-0.00295,-0.0027,-0.000134,-3.44e-05,-0.00066,
2023-03-07 04:15:00,2023-03-07,4,0.8968727415326817,0.4422886902190147,66,0.9006342752330034,0.4345778437466902,-0.00385,-0.0034,-0.000379,-9.17e-05,-0.000728,
2023-03-07 04:30:00,2023-03-07,4,0.9238795325112982,0.3826834323650622,66,0.9007121352075228,0.4344164470757353,0.000327,0.00044,-0.000976,-0.000883,-0.000947,
2023-03-07 04:45:00,2023-03-07,4,0.946930129495093,0.3214394653031986,66,0.9007899662592196,0.4342550364552077,-0.00276,-0.0025,-0.0016799999999999,-0.00176,-0.00254,
2023-03-07 05:00:00,2023-03-07,5,0.965925826289055,0.2588190451025702,66,0.9008677683855952,0.43409361189029,-0.00242,-0.00207,-0.000955,-0.00099,-0.00178,
2023-03-07 05:15:00,2023-03-07,5,0.9807852804032292,0.1950903220161345,66,0.9009455415841509,0.4339321733861655,-0.00337,-0.00278,-0.00183,-0.00174,-0.00313,
2023-03-07 05:30:00,2023-03-07,5,0.991444861373808,0.1305261922200699,66,0.901023285852389,0.4337707209480189,-0.00243,-0.00182,-0.00104,-0.00107,-0.0021,
2023-03-07 05:45:00,2023-03-07,5,0.9978589232386053,0.0654031292301168,66,0.9011010011878136,0.433609254581034,0.000356,0.00128,0.00179,0.0014399999999999,0.000441,
2023-03-07 06:00:00,2023-03-07,6,1.0,4.2626993319876725e-14,66,0.9011786875879289,0.4334477742903961,0.0136,0.0141999999999999,0.0145,0.0126,0.0132,
2023-03-07 06:15:00,2023-03-07,6,0.9978589232386034,-0.0654031292301452,66,0.9012563450502404,0.43328628008129,0.0347,0.0347,0.0365,0.0321,0.0352,
2023-03-07 06:30:00,2023-03-07,6,0.9914448613738116,-0.1305261922200417,66,0.9013339735722544,0.433124771958902,0.0412,0.0525,0.0742,0.0652,0.0674,
2023-03-07 06:45:00,2023-03-07,6,0.9807852804032348,-0.1950903220161067,66,0.901411573151478,0.4329632499284179,0.0769,0.109,0.158,0.139,0.146,
2023-03-07 07:00:00,2023-03-07,7,0.9659258262890624,-0.2588190451025428,66,0.9014891437854198,0.4328017139950242,0.0967,0.172,0.263,0.23,0.243,
2023-03-07 07:15:00,2023-03-07,7,0.9469301294951205,-0.3214394653031179,66,0.9015666854715886,0.4326401641639085,0.1,0.163,0.238,0.212,0.223,
2023-03-07 07:30:00,2023-03-07,7,0.9238795325112872,-0.3826834323650885,66,0.9016441982074944,0.432478600440258,0.185,0.33,0.453,0.403,0.433,
2023-03-07 07:45:00,2023-03-07,7,0.8968727415326943,-0.4422886902189892,66,0.9017216819906484,0.4323170228292609,0.185,0.278,0.372,0.337,0.356,
2023-03-07 08:00:00,2023-03-07,8,0.8660254037844514,-0.4999999999999779,66,0.9017991368185626,0.4321554313361055,0.186,0.356,0.518,0.475,0.491,
2023-03-07 08:15:00,2023-03-07,8,0.8314696123025345,-0.5555702330196183,66,0.9018765626887496,0.4319938259659805,0.162,0.418,0.615,0.566,0.579,
2023-03-07 08:30:00,2023-03-07,8,0.7933533402912654,-0.6087614290086812,66,0.9019539595987232,0.4318322067240757,0.145,0.431,0.661,0.615,0.62,
2023-03-07 08:45:00,2023-03-07,8,0.7518398074789806,-0.6593458151000652,66,0.9020313275459984,0.43167057361558,0.143,0.478,0.73,0.685,0.687,
2023-03-07 09:00:00,2023-03-07,9,0.7071067811865595,-0.7071067811865356,66,0.9021086665280904,0.4315089266456846,0.154,0.522,0.799,0.755,0.751,
2023-03-07 09:15:00,2023-03-07,9,0.6593458151000906,-0.7518398074789583,66,0.9021859765425158,0.4313472658195798,0.255,0.268,0.333,0.314,0.327,
2023-03-07 09:30:00,2023-03-07,9,0.6087614290087081,-0.7933533402912448,66,0.9022632575867924,0.4311855911424563,0.117,0.116,0.123,0.113,0.123,
2023-03-07 09:45:00,2023-03-07,9,0.5555702330196464,-0.8314696123025157,66,0.9023405096584384,0.4310239026195062,0.195,0.444,0.631,0.597,0.603,
2023-03-07 10:00:00,2023-03-07,10,0.5000000000000072,-0.8660254037844345,66,0.9024177327549734,0.4308622002559211,0.203,0.661,0.98,0.937,0.936,
2023-03-07 10:15:00,2023-03-07,10,0.4422886902190195,-0.8968727415326793,66,0.9024949268739172,0.4307004840568938,0.154,0.656,0.997,0.962,0.949,
2023-03-07 10:30:00,2023-03-07,10,0.3826834323651197,-0.9238795325112744,66,0.9025720920127916,0.4305387540276167,0.163,0.676,1.02,0.991,0.976,
2023-03-07 10:45:00,2023-03-07,10,0.3214394653031499,-0.9469301294951096,66,0.9026492281691184,0.4303770101732835,0.166,0.696,1.05,1.02,0.999,
2023-03-07 11:00:00,2023-03-07,11,0.2588190451025754,-0.9659258262890535,66,0.9027263353404208,0.430215252499088,0.159,0.7,1.06,1.04,1.01,
2023-03-07 11:15:00,2023-03-07,11,0.1950903220161398,-0.980785280403228,66,0.9028034135242228,0.430053481010224,0.146,0.717,1.08,1.06,1.03,
2023-03-07 11:30:00,2023-03-07,11,0.1305261922200752,-0.9914448613738072,66,0.9028804627180492,0.4298916957118868,0.152,0.708,1.07,1.06,1.02,
2023-03-07 11:45:00,2023-03-07,11,0.0654031292301222,-0.9978589232386048,66,0.902957482919426,0.4297298966092708,0.43,0.557,0.758,0.74,0.734,
2023-03-07 12:00:00,2023-03-07,12,-8.82612268277318e-15,-1.0,66,0.9030344741258798,0.4295680837075721,0.409,0.553,0.744,0.73,0.726,
2023-03-07 12:15:00,2023-03-07,12,-0.0654031292300831,-0.9978589232386076,66,0.9031114363349388,0.4294062570119862,0.296,0.655,0.941,0.934,0.907,
2023-03-07 12:30:00,2023-03-07,12,-0.1305261922200364,-0.9914448613738124,66,0.9031883695441312,0.4292444165277098,0.254,0.689,1.02,1.03,0.99,
2023-03-07 12:45:00,2023-03-07,12,-0.1950903220161014,-0.9807852804032358,66,0.9032652737509864,0.42908256225994,0.312,0.527,0.755,0.759,0.731,
2023-03-07 13:00:00,2023-03-07,13,-0.2588190451025375,-0.9659258262890638,66,0.9033421489530358,0.4289206942138736,0.296,0.68,0.975,0.982,0.944,
2023-03-07 13:15:00,2023-03-07,13,-0.3214394653031666,-0.946930129495104,66,0.90341899514781,0.4287588123947088,0.4,0.414,0.469,0.45,0.469,
2023-03-07 13:30:00,2023-03-07,13,-0.382683432365031,-0.923879532511311,66,0.9034958123328418,0.4285969168076437,0.35,0.479,0.617,0.614,0.609,
2023-03-07 13:45:00,2023-03-07,13,-0.4422886902189844,-0.8968727415326966,66,0.9035726005056646,0.4284350074578766,0.234,0.234,0.223,0.205,0.228,
2023-03-07 14:00:00,2023-03-07,14,-0.4999999999999732,-0.866025403784454,66,0.9036493596638124,0.4282730843506068,0.108,0.106,0.0955999999999999,0.0873,0.0979,
2023-03-07 14:15:00,2023-03-07,14,-0.5555702330196138,-0.8314696123025375,66,0.9037260898048204,0.4281111474910339,0.0929,0.0912,0.0818,0.073,0.0849,
2023-03-07 14:30:00,2023-03-07,14,-0.6087614290087221,-0.793353340291234,66,0.9038027909262248,0.4279491968843579,0.0765,0.0751,0.0721,0.0650999999999999,0.0741,
2023-03-07 14:45:00,2023-03-07,14,-0.6593458151000184,-0.7518398074790216,66,0.9038794630255624,0.4277872325357792,0.0445,0.0439,0.0516,0.0496,0.0511,
2023-03-07 15:00:00,2023-03-07,15,-0.7071067811865318,-0.7071067811865633,66,0.9039561061003716,0.4276252544504985,0.0929,0.0916,0.0848,0.0774,0.0885,
2023-03-07 15:15:00,2023-03-07,15,-0.7518398074789547,-0.6593458151000947,66,0.9040327201481912,0.4274632626337172,0.0485,0.0477,0.0422,0.0378,0.0442,
2023-03-07 15:30:00,2023-03-07,15,-0.7933533402912415,-0.6087614290087123,66,0.9041093051665609,0.4273012570906368,0.0349,0.0343,0.0332999999999999,0.0305,0.034,
2023-03-07 15:45:00,2023-03-07,15,-0.8314696123025443,-0.5555702330196036,66,0.9041858611530216,0.4271392378264597,0.0258,0.0253,0.0261,0.0243999999999999,0.0263,
2023-03-07 16:00:00,2023-03-07,16,-0.8660254037844034,-0.5000000000000611,66,0.9042623881051148,0.4269772048463886,0.03,0.0298,0.0334,0.0314,0.0335,
2023-03-07 16:15:00,2023-03-07,16,-0.8968727415326769,-0.4422886902190244,66,0.9043388860203831,0.4268151581556263,0.0249,0.0243999999999999,0.0258,0.0242,0.026,
2023-03-07 16:30:00,2023-03-07,16,-0.9238795325112724,-0.3826834323651247,66,0.9044153548963704,0.4266530977593766,0.0254,0.0248,0.0265,0.0247,0.0268,
2023-03-07 16:45:00,2023-03-07,16,-0.946930129495108,-0.321439465303155,66,0.9044917947306212,0.4264910236628429,0.0121,0.012,0.00991,0.00885,0.0101999999999999,
2023-03-07 17:00:00,2023-03-07,17,-0.965925826289067,-0.2588190451025257,66,0.9045682055206806,0.4263289358712303,0.0049299999999999,0.00477,0.00486,0.00447,0.00477,
2023-03-07 17:15:00,2023-03-07,17,-0.9807852804032382,-0.1950903220160894,66,0.9046445872640954,0.4261668343897429,0.00202,0.00178,0.0017,0.00156,0.00159,
2023-03-07 17:30:00,2023-03-07,17,-0.9914448613738066,-0.1305261922200806,66,0.9047209399584124,0.4260047192235864,-0.00177,-0.0015,0.000224,0.000218,-4.28e-05,
2023-03-07 17:45:00,2023-03-07,17,-0.9978589232386008,-0.0654031292301843,66,0.9047972636011802,0.4258425903779664,-0.000662,-0.000532,2.4100000000000003e-05,-7.65e-06,-0.000257,
2023-03-07 18:00:00,2023-03-07,18,-1.0,3.435819824615061e-15,66,0.9048735581899476,0.4256804478580889,-0.000579,-0.000514,-3.79e-05,-5.73e-05,-0.000257,
2023-03-07 18:15:00,2023-03-07,18,-0.997858923238604,0.0654031292301344,66,0.9049498237222652,0.4255182916691608,-0.000649,-0.000667,4.14e-05,-4.59e-05,-0.000129,
2023-03-07 18:30:00,2023-03-07,18,-0.9914448613738056,0.1305261922200874,66,0.905026060195684,0.4253561218163886,-0.000951,-0.000734,0.00011,6.5e-05,-0.000129,
2023-03-07 18:45:00,2023-03-07,18,-0.9807852804032368,0.1950903220160961,66,0.9051022676077553,0.4251939383049802,-0.000149,-0.00016,7.93e-05,4.97e-05,-0.000129,
2023-03-07 19:00:00,2023-03-07,19,-0.96592582628908,0.2588190451024774,66,0.9051784459560328,0.4250317411401431,0.0011799999999999,0.000915,-2.07e-05,-3.82e-05,-0.000171,
2023-03-07 19:15:00,2023-03-07,19,-0.9469301294951056,0.3214394653031615,66,0.9052545952380696,0.4248695303270858,-4.96e-05,7.09e-06,-6.89e-06,-3.82e-06,-0.000249,
2023-03-07 19:30:00,2023-03-07,19,-0.9238795325112914,0.3826834323650785,66,0.9053307154514212,0.4247073058710173,-0.000161,-0.000138,5.17e-05,4.59e-05,-0.000201,
2023-03-07 19:45:00,2023-03-07,19,-0.8968727415326738,0.4422886902190305,66,0.9054068065936428,0.4245450677771464,0.000116,5.67e-05,6.890000000000001e-05,4.2e-05,-0.000129,
2023-03-07 20:00:00,2023-03-07,20,-0.8660254037844568,0.4999999999999686,66,0.9054828686622912,0.4243828160506832,6.62e-05,2.84e-05,7.93e-05,5.73e-05,-0.000129,
2023-03-07 20:15:00,2023-03-07,20,-0.8314696123025721,0.5555702330195621,66,0.9055589016549238,0.4242205506968374,-4.139999999999999e-06,-0.000113,-1.7199999999999998e-05,-2.68e-05,-0.000257,
2023-03-07 20:30:00,2023-03-07,20,-0.7933533402912373,0.6087614290087179,66,0.9056349055690994,0.4240582717208194,-0.000695,-0.00073,-0.0005,-0.000459,-0.000771,
2023-03-07 20:45:00,2023-03-07,20,-0.7518398074789877,0.6593458151000571,66,0.9057108804023772,0.4238959791278404,4.14e-05,-0.000138,-0.000527,-0.00044,-0.000771,
2023-03-07 21:00:00,2023-03-07,21,-0.7071067811865269,0.7071067811865681,66,0.905786826152318,0.4237336729231117,-0.00153,-0.00122,-0.000221,-0.000222,-0.000536,
2023-03-07 21:15:00,2023-03-07,21,-0.6593458151000987,0.7518398074789512,66,0.9058627428164824,0.4235713531118454,-0.000864,-0.000351,-0.000165,1.91e-05,-0.000257,
2023-03-07 21:30:00,2023-03-07,21,-0.6087614290087617,0.7933533402912036,66,0.9059386303924328,0.4234090196992536,0.00171,0.00135,-0.000183,-2.29e-05,-0.000214,
2023-03-07 21:45:00,2023-03-07,21,-0.5555702330196081,0.8314696123025413,66,0.906014488877733,0.4232466726905486,7.44e-05,-0.000199,-1.03e-05,4.59e-05,-0.000129,
2023-03-07 22:00:00,2023-03-07,22,-0.5000000000000165,0.866025403784429,66,0.9060903182699462,0.4230843120909441,-0.00111,-0.000982,-0.000124,9.17e-05,-0.000129,
2023-03-07 22:15:00,2023-03-07,22,-0.4422886902189782,0.8968727415326997,66,0.9061661185666384,0.4229219379056533,-0.000542,-0.000376,-3.79e-05,0.000153,-0.000129,
2023-03-07 22:30:00,2023-03-07,22,-0.3826834323651297,0.9238795325112702,66,0.9062418897653748,0.4227595501398903,0.0017,0.00112,-2.4100000000000003e-05,4.2e-05,-0.000129,
2023-03-07 22:45:00,2023-03-07,22,-0.3214394653031601,0.946930129495106,66,0.9063176318637224,0.4225971487988696,-0.000459,-0.000227,0.000128,0.000218,-0.000129,
2023-03-07 23:00:00,2023-03-07,23,-0.2588190451025309,0.9659258262890656,66,0.9063933448592496,0.4224347338878062,0.0005,0.00016,6.2e-05,4.2e-05,-0.000129,
2023-03-07 23:15:00,2023-03-07,23,-0.1950903220161504,0.980785280403226,66,0.9064690287495244,0.4222723054119153,0.000715,0.000528,-6.890000000000001e-05,3.82e-06,-0.000296,
2023-03-07 23:30:00,2023-03-07,23,-0.1305261922200296,0.9914448613738132,66,0.9065446835321171,0.4221098633764125,0.000405,0.000397,0.000114,0.000157,-0.000129,
2023-03-07 23:45:00,2023-03-07,23,-0.0654031292301896,0.9978589232386004,66,0.906620309204598,0.4219474077865143,-0.000223,-4.96e-05,3.1e-05,8.790000000000001e-05,-0.000257,
2023-03-08 00:00:00,2023-03-08,0,-1.9544830335430583e-15,1.0,67,0.9066959057645392,0.4217849386474369,0.000128,3.19e-05,-0.000241,-0.000206,-0.000471,
2023-03-08 00:15:00,2023-03-08,0,0.065403129230129,0.9978589232386044,67,0.9067714732095123,0.4216224559643976,-0.000567,-0.000578,-0.000724,-0.000703,-0.00111,
2023-03-08 00:30:00,2023-03-08,0,0.1305261922200257,0.9914448613738138,67,0.9068470115370916,0.4214599597426141,-0.00139,-0.00117,-0.001,-0.000902,-0.00129,
2023-03-08 00:45:00,2023-03-08,0,0.1950903220161466,0.9807852804032268,67,0.9069225207448512,0.4212974499873039,-0.000844,-0.000695,-0.000365,-0.000279,-0.000604,
2023-03-08 01:00:00,2023-03-08,1,0.2588190451024723,0.9659258262890812,67,0.9069980008303664,0.4211349267036858,0.000215,7.8e-05,-8.620000000000001e-05,-7.259999999999999e-05,-0.000257,
2023-03-08 01:15:00,2023-03-08,1,0.3214394653031564,0.9469301294951076,67,0.9070734517912132,0.4209723898969781,-0.00202,-0.00162,-0.000782,-0.00073,-0.00124,
2023-03-08 01:30:00,2023-03-08,1,0.3826834323650736,0.9238795325112936,67,0.9071488736249692,0.4208098395724006,-0.000749,-0.000667,-0.000607,-0.00057,-0.000904,
2023-03-08 01:45:00,2023-03-08,1,0.4422886902189747,0.8968727415327014,67,0.9072242663292124,0.4206472757351726,-7.44e-05,-1.06e-05,1.7199999999999998e-05,5.35e-05,-9.43e-05,
2023-03-08 02:00:00,2023-03-08,2,0.5000000000000132,0.866025403784431,67,0.907299629901522,0.4204846983905138,-0.00115,-0.000989,-0.000741,-0.000742,-0.00117,
2023-03-08 02:15:00,2023-03-08,2,0.5555702330195575,0.8314696123025751,67,0.9073749643394774,0.4203221075436457,0.000141,0.000124,-0.000503,-0.000386,-0.0006,
2023-03-08 02:30:00,2023-03-08,2,0.6087614290087136,0.7933533402912406,67,0.9074502696406602,0.4201595031997885,-0.0023599999999999,-0.00176,-0.000307,-0.000226,-0.00078,
2023-03-08 02:45:00,2023-03-08,2,0.6593458151000531,0.7518398074789913,67,0.907525545802652,0.4199968853641641,-0.00261,-0.00241,-0.00115,-0.00114,-0.00183,
2023-03-08 03:00:00,2023-03-08,3,0.7071067811865241,0.7071067811865709,67,0.9076007928230354,0.419834254041994,-0.00312,-0.00254,-0.000969,-0.000906,-0.00153,
2023-03-08 03:15:00,2023-03-08,3,0.7518398074789852,0.6593458151000601,67,0.9076760106993944,0.4196716092385004,-0.000277,-0.000543,-0.000872,-0.000818,-0.00121,
2023-03-08 03:30:00,2023-03-08,3,0.7933533402912003,0.6087614290087661,67,0.9077511994293138,0.4195089509589063,-0.0035,-0.00285,-0.00122,-0.00112,-0.00197,
2023-03-08 03:45:00,2023-03-08,3,0.8314696123025384,0.5555702330196126,67,0.9078263590103792,0.4193462792084343,-0.00248,-0.0022,-0.0014199999999999,-0.00138,-0.0021,
2023-03-08 04:00:00,2023-03-08,4,0.8660254037844264,0.5000000000000212,67,0.9079014894401768,0.4191835939923087,-0.00311,-0.0025499999999999,-0.0016899999999999,-0.00163,-0.00269,
2023-03-08 04:15:00,2023-03-08,4,0.8968727415326972,0.4422886902189831,67,0.907976590716294,0.419020895315753,-0.00186,-0.00159,-0.0017,-0.00163,-0.00266,
2023-03-08 04:30:00,2023-03-08,4,0.9238795325112898,0.3826834323650822,67,0.9080516628363198,0.418858183183992,-0.00291,-0.00211,-0.00132,-0.00127,-0.0023599999999999,
2023-03-08 04:45:00,2023-03-08,4,0.946930129495086,0.321439465303219,67,0.9081267057978432,0.4186954576022502,-0.00364,-0.0025,-0.00113,-0.00117,-0.00248,
2023-03-08 05:00:00,2023-03-08,5,0.9659258262890642,0.2588190451025361,67,0.9082017195984544,0.4185327185757528,-0.00373,-0.00252,-0.00112,-0.00116,-0.00265,
2023-03-08 05:15:00,2023-03-08,5,0.980785280403225,0.1950903220161557,67,0.9082767042357448,0.4183699661097261,-0.00423,-0.00299,-0.00103,-0.00101,-0.0022299999999999,
2023-03-08 05:30:00,2023-03-08,5,0.9914448613738126,0.1305261922200349,67,0.9083516597073068,0.4182072002093953,-0.00266,-0.00178,0.000145,-1.53e-05,-0.00104,
2023-03-08 05:45:00,2023-03-08,5,0.9978589232386038,0.0654031292301383,67,0.9084265860107328,0.4180444208799881,-1.24e-05,0.00116,0.00352,0.00302,0.0023599999999999,
2023-03-08 06:00:00,2023-03-08,6,1.0,6.418820475250921e-14,67,0.9085014831436174,0.4178816281267309,0.0101999999999999,0.011,0.0136,0.0121999999999999,0.0116999999999999,
2023-03-08 06:15:00,2023-03-08,6,0.9978589232386048,-0.0654031292301237,67,0.9085763511035556,0.4177188219548511,0.0314,0.0318,0.0368,0.0332999999999999,0.0347,
2023-03-08 06:30:00,2023-03-08,6,0.9914448613738144,-0.1305261922200203,67,0.9086511898881428,0.4175560023695769,0.0696,0.0805,0.0975,0.0843,0.0924,
2023-03-08 06:45:00,2023-03-08,6,0.980785280403228,-0.1950903220161413,67,0.9087259994949766,0.4173931693761362,0.0949,0.147,0.211,0.18,0.196,
2023-03-08 07:00:00,2023-03-08,7,0.965925826289068,-0.2588190451025219,67,0.908800779921654,0.4172303229797582,0.07,0.0762999999999999,0.102,0.0922,0.0970999999999999,
2023-03-08 07:15:00,2023-03-08,7,0.9469301294951274,-0.3214394653030974,67,0.9088755311657744,0.4170674631856716,0.0879,0.193,0.304,0.269,0.281,
2023-03-08 07:30:00,2023-03-08,7,0.9238795325112956,-0.3826834323650686,67,0.908950253224937,0.4169045899991063,0.0865,0.215,0.339,0.305,0.317,
2023-03-08 07:45:00,2023-03-08,7,0.8968727415327038,-0.4422886902189699,67,0.9090249460967426,0.4167417034252924,0.0944,0.298,0.465,0.421,0.436,
2023-03-08 08:00:00,2023-03-08,8,0.8660254037844337,-0.5000000000000084,67,0.9090996097787926,0.41657880346946,0.126,0.396,0.585,0.534,0.553,
2023-03-08 08:15:00,2023-03-08,8,0.8314696123025465,-0.5555702330196003,67,0.9091742442686896,0.4164158901368405,0.152,0.421,0.606,0.556,0.575,
2023-03-08 08:30:00,2023-03-08,8,0.7933533402912785,-0.6087614290086641,67,0.9092488495640368,0.4162529634326649,0.185,0.437,0.628,0.581,0.596,
2023-03-08 08:45:00,2023-03-08,8,0.7518398074789948,-0.659345815100049,67,0.909323425662439,0.4160900233621648,0.241,0.561,0.764,0.707,0.736,
2023-03-08 09:00:00,2023-03-08,9,0.7071067811865748,-0.7071067811865204,67,0.909397972561501,0.4159270699305726,0.314,0.43,0.543,0.502,0.531,
2023-03-08 09:15:00,2023-03-08,9,0.6593458151000641,-0.7518398074789816,67,0.9094724902588294,0.4157641031431208,0.292,0.486,0.662,0.622,0.638,
2023-03-08 09:30:00,2023-03-08,9,0.6087614290087252,-0.7933533402912316,67,0.9095469787520308,0.4156011230050427,0.304,0.592,0.809,0.764,0.781,
2023-03-08 09:45:00,2023-03-08,9,0.5555702330195698,-0.8314696123025669,67,0.909621438038714,0.4154381295215715,0.294,0.537,0.747,0.71,0.72,
2023-03-08 10:00:00,2023-03-08,10,0.5000000000000259,-0.8660254037844237,67,0.9096958681164876,0.4152751226979413,0.358,0.474,0.595,0.562,0.582,
2023-03-08 10:15:00,2023-03-08,10,0.4422886902190389,-0.8968727415326697,67,0.9097702689829614,0.4151121025393863,0.333,0.657,0.94,0.904,0.909,
2023-03-08 10:30:00,2023-03-08,10,0.3826834323650872,-0.9238795325112878,67,0.9098446406357468,0.414949069051141,0.353,0.56,0.702,0.661,0.692,
2023-03-08 10:45:00,2023-03-08,10,0.3214394653031703,-0.9469301294951028,67,0.9099189830724556,0.4147860222384408,0.436,0.493,0.611,0.58,0.598,
2023-03-08 11:00:00,2023-03-08,11,0.2588190451024864,-0.9659258262890776,67,0.9099932962907002,0.4146229621065214,0.405,0.598,0.769,0.733,0.751,
2023-03-08 11:15:00,2023-03-08,11,0.195090322016161,-0.980785280403224,67,0.9100675802880944,0.414459888660619,0.324,0.678,0.967,0.946,0.933,
2023-03-08 11:30:00,2023-03-08,11,0.1305261922200966,-0.9914448613738044,67,0.9101418350622532,0.4142968019059697,0.352,0.586,0.809,0.789,0.784,
2023-03-08 11:45:00,2023-03-08,11,0.0654031292301437,-0.9978589232386036,67,0.910216060610792,0.4141337018478104,0.362,0.47,0.587,0.563,0.578,
2023-03-08 12:00:00,2023-03-08,12,1.2735088749859296e-14,-1.0,67,0.9102902569313271,0.4139705884913787,0.286,0.748,1.1,1.09,1.06,
2023-03-08 12:15:00,2023-03-08,12,-0.065403129230175,-0.9978589232386014,67,0.9103644240214764,0.4138074618419119,0.381,0.723,1.01,0.997,0.981,
2023-03-08 12:30:00,2023-03-08,12,-0.130526192220015,-0.9914448613738152,67,0.9104385618788582,0.4136443219046485,0.414,0.691,0.908,0.888,0.891,
2023-03-08 12:45:00,2023-03-08,12,-0.1950903220160802,-0.98078528040324,67,0.9105126705010916,0.4134811686848273,0.442,0.453,0.508,0.481,0.51,
2023-03-08 13:00:00,2023-03-08,13,-0.2588190451025167,-0.9659258262890692,67,0.9105867498857972,0.4133180021876868,0.322,0.463,0.607,0.598,0.597,
2023-03-08 13:15:00,2023-03-08,13,-0.3214394653031462,-0.9469301294951108,67,0.910660800030596,0.4131548224184669,0.275,0.538,0.738,0.741,0.717,
2023-03-08 13:30:00,2023-03-08,13,-0.3826834323651161,-0.923879532511276,67,0.9107348209331104,0.4129916293824071,0.231,0.629,0.88,0.897,0.855,
2023-03-08 13:45:00,2023-03-08,13,-0.4422886902189651,-0.8968727415327061,67,0.9108088125909632,0.4128284230847481,0.267,0.5,0.695,0.71,0.677,
2023-03-08 14:00:00,2023-03-08,14,-0.4999999999999546,-0.8660254037844649,67,0.9108827750017788,0.4126652035307302,0.167,0.596,0.875,0.906,0.846,
2023-03-08 14:15:00,2023-03-08,14,-0.5555702330195958,-0.8314696123025495,67,0.910956708163182,0.4125019707255947,0.166,0.508,0.738,0.773,0.714,
2023-03-08 14:30:00,2023-03-08,14,-0.608761429008705,-0.7933533402912472,67,0.9110306120727986,0.4123387246745835,0.221,0.424,0.572,0.594,0.561,
2023-03-08 14:45:00,2023-03-08,14,-0.6593458151000877,-0.7518398074789608,67,0.9111044867282556,0.4121754653829382,0.187,0.482,0.687,0.724,0.671,
2023-03-08 15:00:00,2023-03-08,15,-0.7071067811865165,-0.7071067811865785,67,0.911178332127181,0.4120121928559015,0.127,0.379,0.564,0.609,0.547,
2023-03-08 15:15:00,2023-03-08,15,-0.751839807478978,-0.6593458151000682,67,0.9112521482672034,0.4118489070987159,0.127,0.326,0.492,0.539,0.477,
2023-03-08 15:30:00,2023-03-08,15,-0.7933533402912284,-0.6087614290087294,67,0.9113259351459524,0.4116856081166252,0.122,0.18,0.245,0.263,0.239,
2023-03-08 15:45:00,2023-03-08,15,-0.8314696123025324,-0.5555702330196215,67,0.9113996927610586,0.4115222959148726,0.13,0.133,0.134,0.131,0.136,
2023-03-08 16:00:00,2023-03-08,16,-0.8660254037844495,-0.4999999999999813,67,0.9114734211101536,0.4113589704987024,0.111,0.109,0.0982,0.0919,0.101,
2023-03-08 16:15:00,2023-03-08,16,-0.8968727415326674,-0.4422886902190437,67,0.91154712019087,0.4111956318733594,0.0792,0.0782,0.074,0.0684,0.0757999999999999,
2023-03-08 16:30:00,2023-03-08,16,-0.9238795325112856,-0.3826834323650921,67,0.9116207900008414,0.4110322800440882,0.0634,0.0632,0.0607,0.0579,0.062,
2023-03-08 16:45:00,2023-03-08,16,-0.9469301294951008,-0.3214394653031754,67,0.9116944305377018,0.4108689150161346,0.0378999999999999,0.0377,0.0363,0.0346,0.0368,
2023-03-08 17:00:00,2023-03-08,17,-0.9659258262890614,-0.2588190451025465,67,0.9117680417990868,0.4107055367947441,0.0177,0.0178,0.0183,0.0167,0.0186,
2023-03-08 17:15:00,2023-03-08,17,-0.980785280403234,-0.1950903220161105,67,0.9118416237826324,0.4105421453851629,0.005,0.00509,0.00315,0.00297,0.00269,
2023-03-08 17:30:00,2023-03-08,17,-0.9914448613738036,-0.1305261922201019,67,0.911915176485976,0.4103787407926378,-0.00294,-0.00257,-0.000272,-0.000745,-0.000617,
2023-03-08 17:45:00,2023-03-08,17,-0.9978589232386031,-0.0654031292301491,67,0.911988699906756,0.410215323022416,-0.00307,-0.00257,-0.000948,-0.00117,-0.00153,
2023-03-08 18:00:00,2023-03-08,18,-1.0,-1.8125391608017412e-14,67,0.9120621940426108,0.410051892079745,-0.00247,-0.00212,-0.000834,-0.00117,-0.000934,
2023-03-08 18:15:00,2023-03-08,18,-0.9978589232386056,0.0654031292301129,67,0.912135658891181,0.4098884479698727,-0.000678,-0.000436,-0.00091,-0.000948,-0.00121,
2023-03-08 18:30:00,2023-03-08,18,-0.9914448613738084,0.130526192220066,67,0.9122090944501074,0.4097249906980473,-0.00219,-0.00185,-0.000889,-0.00104,-0.00129,
2023-03-08 18:45:00,2023-03-08,18,-0.9807852804032412,0.1950903220160749,67,0.912282500717032,0.4095615202695178,-0.00207,-0.0016799999999999,-0.000751,-0.000887,-0.000784,
2023-03-08 19:00:00,2023-03-08,19,-0.9659258262890708,0.2588190451025115,67,0.9123558776895974,0.4093980366895332,-0.00109,-0.000869,-0.000948,-0.00105,-0.00125,
2023-03-08 19:15:00,2023-03-08,19,-0.9469301294951126,0.3214394653031411,67,0.9124292253654476,0.4092345399633433,-0.0019399999999999,-0.00165,-0.001,-0.0011799999999999,-0.00148,
2023-03-08 19:30:00,2023-03-08,19,-0.9238795325112996,0.3826834323650586,67,0.9125025437422272,0.4090710300961983,0.000306,0.000422,-0.00108,-0.000959,-0.00124,
2023-03-08 19:45:00,2023-03-08,19,-0.8968727415326834,0.4422886902190112,67,0.912575832817582,0.4089075070933482,-0.00124,-0.000972,-0.00117,-0.00108,-0.00175,
2023-03-08 20:00:00,2023-03-08,20,-0.8660254037844676,0.4999999999999499,67,0.9126490925891584,0.4087439709600445,-0.00147,-0.00121,-0.000462,-0.000849,-0.000214,
2023-03-08 20:15:00,2023-03-08,20,-0.8314696123025525,0.5555702330195914,67,0.9127223230546044,0.4085804217015379,-0.00188,-0.00172,-0.00107,-0.00115,-0.00147,
2023-03-08 20:30:00,2023-03-08,20,-0.7933533402912505,0.6087614290087007,67,0.9127955242115678,0.4084168593230807,-0.00148,-0.00131,-0.00128,-0.0013,-0.00175,
2023-03-08 20:45:00,2023-03-08,20,-0.7518398074789644,0.6593458151000836,67,0.9128686960576986,0.4082532838299246,-0.000972,-0.000784,-0.000486,-0.000615,-0.000647,
2023-03-08 21:00:00,2023-03-08,21,-0.7071067811865421,0.7071067811865529,67,0.912941838590647,0.4080896952273224,-0.000289,-0.000291,-0.000148,-0.000283,-0.000236,
2023-03-08 21:15:00,2023-03-08,21,-0.6593458151001149,0.751839807478937,67,0.9130149518080644,0.4079260935205273,-0.000724,-0.000656,-0.000279,-0.000417,-0.00045,
2023-03-08 21:30:00,2023-03-08,21,-0.6087614290087338,0.7933533402912251,67,0.9130880357076028,0.4077624787147922,0.000455,0.000443,-0.000238,-0.000138,-0.000403,
2023-03-08 21:45:00,2023-03-08,21,-0.555570233019626,0.8314696123025294,67,0.9131610902869156,0.4075988508153716,-0.000372,-0.000316,-9.65e-05,-0.000203,-0.000257,
2023-03-08 22:00:00,2023-03-08,22,-0.499999999999986,0.8660254037844467,67,0.913234115543657,0.4074352098275192,-0.00242,-0.00226,-0.000145,-0.000573,-0.000304,
2023-03-08 22:15:00,2023-03-08,22,-0.4422886902189976,0.8968727415326901,67,0.9133071114754818,0.4072715557564901,-6.62e-05,-5.67e-05,-0.000352,-0.000363,-0.000634,
2023-03-08 22:30:00,2023-03-08,22,-0.3826834323651496,0.923879532511262,67,0.9133800780800464,0.4071078886075392,-0.00206,-0.00181,-0.000907,-0.00109,-0.00136,
2023-03-08 22:45:00,2023-03-08,22,-0.3214394653031805,0.9469301294950992,67,0.9134530153550074,0.4069442083859216,-0.00159,-0.00127,-0.000414,-0.000795,-2.57e-05,
2023-03-08 23:00:00,2023-03-08,23,-0.2588190451025517,0.96592582628906,67,0.913525923298023,0.4067805150968942,-0.00182,-0.00149,-0.000955,-0.0011899999999999,-0.000994,
2023-03-08 23:15:00,2023-03-08,23,-0.1950903220161158,0.9807852804032328,67,0.913598801906752,0.4066168087457126,-0.00277,-0.00244,-0.0012,-0.00156,-0.00159,
2023-03-08 23:30:00,2023-03-08,23,-0.130526192220051,0.9914448613738104,67,0.9136716511788538,0.4064530893376341,-0.0022299999999999,-0.00195,-0.0011,-0.00138,-0.00135,
2023-03-08 23:45:00,2023-03-08,23,-0.0654031292302112,0.997858923238599,67,0.9137444711119898,0.4062893568779155,-0.00224,-0.0019,-0.00108,-0.00138,-0.00114,
2023-03-09 00:00:00,2023-03-09,0,-2.351569446617553e-14,1.0,68,0.9138172617038212,0.4061256113718145,-0.0025499999999999,-0.00212,-0.000931,-0.0011899999999999,-0.0013,
2023-03-09 00:15:00,2023-03-09,0,0.0654031292301075,0.9978589232386058,68,0.9138900229520106,0.4059618528245893,-0.00367,-0.0033399999999999,-0.000724,-0.00125,-0.00123,
2023-03-09 00:30:00,2023-03-09,0,0.1305261922200607,0.9914448613738092,68,0.913962754854222,0.4057980812414979,-0.00206,-0.0019,-0.000138,-0.000558,-0.00036,
2023-03-09 00:45:00,2023-03-09,0,0.1950903220161254,0.980785280403231,68,0.9140354574081192,0.4056342966278,0.00105,0.000855,-0.000293,-0.000199,-0.000458,
2023-03-09 01:00:00,2023-03-09,1,0.2588190451024514,0.9659258262890869,68,0.9141081306113684,0.4054704989887545,-0.000265,-0.000156,0.000141,0.000145,-0.000184,
2023-03-09 01:15:00,2023-03-09,1,0.321439465303136,0.9469301294951143,68,0.9141807744616356,0.4053066883296207,-7.86e-05,-2.13e-05,0.000114,0.000122,-9e-05,
2023-03-09 01:30:00,2023-03-09,1,0.3826834323650537,0.9238795325113016,68,0.914253388956588,0.4051428646556594,-0.000525,-0.00044,0.000114,0.000119,-0.000257,
2023-03-09 01:45:00,2023-03-09,1,0.4422886902190064,0.8968727415326858,68,0.914325974093894,0.4049790279721307,-0.000182,-0.000156,5.86e-05,4.59e-05,-0.000129,
2023-03-09 02:00:00,2023-03-09,2,0.4999999999999945,0.8660254037844418,68,0.9143985298712228,0.4048151782842958,-0.000616,-0.000567,6.55e-05,-3.06e-05,-0.000257,
2023-03-09 02:15:00,2023-03-09,2,0.5555702330196342,0.8314696123025239,68,0.914471056286245,0.4046513155974157,-3.31e-05,-5.3200000000000006e-05,3.79e-05,1.91e-05,-0.00021,
2023-03-09 02:30:00,2023-03-09,2,0.6087614290086965,0.7933533402912537,68,0.9145435533366312,0.4044874399167528,0.000103,7.8e-05,6.89e-06,-1.53e-05,-0.000146,
2023-03-09 02:45:00,2023-03-09,2,0.6593458151000369,0.7518398074790055,68,0.9146160210200532,0.4043235512475691,6.2e-05,2.84e-05,5.86e-05,1.15e-05,-0.000129,
2023-03-09 03:00:00,2023-03-09,3,0.7071067811865491,0.7071067811865459,68,0.9146884593341844,0.404159649595127,0.000471,0.000422,5.52e-05,3.44e-05,2.14e-05,
2023-03-09 03:15:00,2023-03-09,3,0.751839807478971,0.6593458151000763,68,0.9147608682766988,0.4039957349646899,-0.0006,-0.000532,0.0001,3.44e-05,-0.000159,
2023-03-09 03:30:00,2023-03-09,3,0.7933533402912564,0.6087614290086929,68,0.9148332478452712,0.4038318073615209,0.000612,0.000454,-0.0001,-0.000115,-0.000257,
2023-03-09 03:45:00,2023-03-09,3,0.8314696123025264,0.5555702330196305,68,0.9149055980375772,0.4036678667908843,-0.000666,-0.000755,-0.000148,-0.000298,-0.000334,
2023-03-09 04:00:00,2023-03-09,4,0.8660254037844156,0.5000000000000399,68,0.914977918851294,0.4035039132580439,0.000496,0.000582,-0.000103,0.000103,-0.000514,
2023-03-09 04:15:00,2023-03-09,4,0.8968727415326877,0.4422886902190024,68,0.9150502102840988,0.4033399467682648,-0.0016899999999999,-0.00136,0.000186,0.000191,-0.000257,
2023-03-09 04:30:00,2023-03-09,4,0.9238795325112816,0.3826834323651021,68,0.9151224723336704,0.4031759673268122,0.000864,0.000869,-0.000114,8.41e-05,-0.00033,
2023-03-09 04:45:00,2023-03-09,4,0.9469301294951158,0.3214394653031318,68,0.9151947049976884,0.4030119749389514,-0.0035299999999999,-0.00307,-0.000596,-0.000726,-0.00114,
2023-03-09 05:00:00,2023-03-09,5,0.9659258262890584,0.258819045102557,68,0.9152669082738336,0.4028479696099487,-0.000488,-0.000564,-0.00129,-0.00131,-0.00197,
2023-03-09 05:15:00,2023-03-09,5,0.9807852804032208,0.1950903220161768,68,0.9153390821597868,0.4026839513450702,-0.00299,-0.0026,-0.0014199999999999,-0.00154,-0.0020099999999999,
2023-03-09 05:30:00,2023-03-09,5,0.9914448613738098,0.1305261922200563,68,0.9154112266532314,0.4025199201495825,-0.0011,-0.000965,-0.000972,-0.00116,-0.0014299999999999,
2023-03-09 05:45:00,2023-03-09,5,0.9978589232386024,0.0654031292301598,68,0.91548334175185,0.4023558760287531,0.000294,0.000468,0.00182,0.00114,0.00162,
2023-03-09 06:00:00,2023-03-09,6,1.0,-2.793742153647436e-14,68,0.9155554274533272,0.4021918189878497,0.00688,0.00708,0.00822,0.00719,0.00795,
2023-03-09 06:15:00,2023-03-09,6,0.997858923238606,-0.0654031292301021,68,0.915627483755348,0.4020277490321404,0.0321,0.032,0.0373,0.0335,0.036,
2023-03-09 06:30:00,2023-03-09,6,0.9914448613738174,-0.130526192219999,68,0.9156995106555992,0.4018636661668935,0.069,0.0838,0.115,0.0975,0.107,
2023-03-09 06:45:00,2023-03-09,6,0.980785280403232,-0.1950903220161201,68,0.9157715081517672,0.4016995703973777,0.0799,0.1,0.145,0.128,0.135,
2023-03-09 07:00:00,2023-03-09,7,0.9659258262890736,-0.2588190451025011,68,0.9158434762415404,0.4015354617288628,0.114,0.168,0.256,0.226,0.238,
2023-03-09 07:15:00,2023-03-09,7,0.9469301294950978,-0.3214394653031847,68,0.915915414922608,0.4013713401666178,0.113,0.173,0.265,0.237,0.246,
2023-03-09 07:30:00,2023-03-09,7,0.9238795325113036,-0.3826834323650487,68,0.9159873241926598,0.4012072057159133,0.151,0.273,0.413,0.372,0.386,
2023-03-09 07:45:00,2023-03-09,7,0.8968727415326881,-0.4422886902190016,68,0.9160592040493868,0.4010430583820197,0.144,0.27,0.425,0.389,0.395,
2023-03-09 08:00:00,2023-03-09,8,0.8660254037844445,-0.4999999999999898,68,0.9161310544904806,0.4008788981702082,0.154,0.328,0.514,0.475,0.48,
2023-03-09 08:15:00,2023-03-09,8,0.8314696123025584,-0.5555702330195824,68,0.9162028755136342,0.4007147250857499,0.141,0.388,0.61,0.564,0.569,
2023-03-09 08:30:00,2023-03-09,8,0.7933533402912224,-0.6087614290087373,68,0.9162746671165416,0.4005505391339165,0.137,0.438,0.678,0.63,0.636,
2023-03-09 08:45:00,2023-03-09,8,0.751839807479009,-0.6593458151000328,68,0.9163464292968968,0.4003863403199804,0.148,0.481,0.733,0.685,0.692,
2023-03-09 09:00:00,2023-03-09,9,0.7071067811865498,-0.7071067811865452,68,0.9164181620523963,0.4002221286492139,0.135,0.513,0.785,0.739,0.741,
2023-03-09 09:15:00,2023-03-09,9,0.6593458151000803,-0.7518398074789674,68,0.9164898653807362,0.4000579041268902,0.133,0.57,0.87,0.825,0.821,
2023-03-09 09:30:00,2023-03-09,9,0.6087614290087423,-0.7933533402912185,68,0.916561539279614,0.399893666758283,0.181,0.621,0.963,0.923,0.91,
2023-03-09 09:45:00,2023-03-09,9,0.5555702330195877,-0.8314696123025549,68,0.9166331837467284,0.3997294165486655,0.354,0.388,0.512,0.482,0.496,
2023-03-09 10:00:00,2023-03-09,10,0.5000000000000445,-0.866025403784413,68,0.9167047987797784,0.3995651535033127,0.353,0.603,0.774,0.727,0.752,
2023-03-09 10:15:00,2023-03-09,10,0.4422886902190072,-0.8968727415326854,68,0.916776384376465,0.3994008776274986,0.177,0.699,1.03,0.991,0.986,
2023-03-09 10:30:00,2023-03-09,10,0.3826834323651071,-0.9238795325112796,68,0.916847940534489,0.3992365889264987,0.339,0.804,1.12,1.07,1.08,
2023-03-09 10:45:00,2023-03-09,10,0.3214394653031907,-0.9469301294950958,68,0.9169194672515528,0.3990722874055882,0.341,0.765,1.05,1.01,1.02,
2023-03-09 11:00:00,2023-03-09,11,0.2588190451025072,-0.965925826289072,68,0.91699096452536,0.398907973070043,0.195,0.743,1.08,1.05,1.04,
2023-03-09 11:15:00,2023-03-09,11,0.1950903220161821,-0.9807852804032198,68,0.9170624323536138,0.3987436459251399,0.295,0.713,1.02,0.989,0.974,
2023-03-09 11:30:00,2023-03-09,11,0.1305261922200616,-0.991444861373809,68,0.9171338707340204,0.398579305976155,0.192,0.743,1.08,1.07,1.04,
2023-03-09 11:45:00,2023-03-09,11,0.0654031292301652,-0.997858923238602,68,0.9172052796642848,0.3984149532283658,0.316,0.688,0.976,0.958,0.943,
2023-03-09 12:00:00,2023-03-09,12,3.429630018249177e-14,-1.0,68,0.9172766591421148,0.3982505876870498,0.412,0.716,0.997,0.98,0.967,
2023-03-09 12:15:00,2023-03-09,12,-0.0654031292301535,-0.9978589232386028,68,0.917348009165218,0.3980862093574847,0.169,0.728,1.08,1.08,1.03,
2023-03-09 12:30:00,2023-03-09,12,-0.1305261922199936,-0.991444861373818,68,0.9174193297313034,0.3979218182449489,0.125,0.706,1.06,1.06,1.02,
2023-03-09 12:45:00,2023-03-09,12,-0.1950903220161148,-0.9807852804032332,68,0.9174906208380804,0.3977574143547214,0.178,0.679,1.01,1.02,0.972,
2023-03-09 13:00:00,2023-03-09,13,-0.2588190451024959,-0.965925826289075,68,0.9175618824832604,0.3975929976920815,0.489,0.5,0.548,0.519,0.551,
2023-03-09 13:15:00,2023-03-09,13,-0.3214394653031796,-0.9469301294950996,68,0.9176331146645548,0.3974285682623084,0.261,0.257,0.229,0.205,0.239,
2023-03-09 13:30:00,2023-03-09,13,-0.3826834323650962,-0.923879532511284,68,0.9177043173796758,0.3972641260706824,0.194,0.191,0.17,0.154,0.176,
2023-03-09 13:45:00,2023-03-09,13,-0.4422886902189457,-0.8968727415327157,68,0.9177754906263378,0.3970996711224839,0.125,0.123,0.115,0.106,0.118,
2023-03-09 14:00:00,2023-03-09,14,-0.4999999999999852,-0.8660254037844473,68,0.917846634402255,0.3969352034229934,0.267,0.263,0.236,0.213,0.247,
2023-03-09 14:15:00,2023-03-09,14,-0.555570233019578,-0.8314696123025614,68,0.917917748705143,0.3967707229774924,0.27,0.267,0.247,0.225,0.257,
2023-03-09 14:30:00,2023-03-09,14,-0.608761429008733,-0.7933533402912257,68,0.917988833532718,0.3966062297912625,0.0867,0.0851,0.0815,0.0754,0.0822,
2023-03-09 14:45:00,2023-03-09,14,-0.6593458151000715,-0.751839807478975,68,0.9180598888826976,0.3964417238695858,0.0955,0.0938,0.0882,0.0814,0.0901,
2023-03-09 15:00:00,2023-03-09,15,-0.7071067811865013,-0.7071067811865938,68,0.9181309147528,0.3962772052177449,0.137,0.135,0.133,0.124,0.136,
2023-03-09 15:15:00,2023-03-09,15,-0.7518398074789638,-0.6593458151000844,68,0.9182019111407448,0.3961126738410222,0.0579,0.0567999999999999,0.0487999999999999,0.0436,0.051,
2023-03-09 15:30:00,2023-03-09,15,-0.7933533402912153,-0.6087614290087466,68,0.9182728780442516,0.3959481297447014,0.0438,0.0429,0.0399,0.036,0.0407999999999999,
2023-03-09 15:45:00,2023-03-09,15,-0.8314696123025519,-0.5555702330195922,68,0.9183438154610424,0.3957835729340659,0.0223,0.0219,0.0216,0.0202,0.0217,
2023-03-09 16:00:00,2023-03-09,16,-0.8660254037844386,-0.5,68,0.9184147233888388,0.3956190034144,0.0248,0.0242,0.0216,0.0197,0.0223,
2023-03-09 16:15:00,2023-03-09,16,-0.8968727415326578,-0.4422886902190631,68,0.9184856018253637,0.3954544211909883,0.0135,0.0129,0.0108,0.0101,0.011,
2023-03-09 16:30:00,2023-03-09,16,-0.9238795325112776,-0.382683432365112,68,0.9185564507683416,0.3952898262691153,0.0093499999999999,0.00954,0.00941,0.00838,0.0095199999999999,
2023-03-09 16:45:00,2023-03-09,16,-0.946930129495094,-0.3214394653031958,68,0.9186272702154972,0.3951252186540667,0.0116,0.0112,0.00977,0.00858,0.0098,
2023-03-09 17:00:00,2023-03-09,17,-0.9659258262890704,-0.2588190451025124,68,0.9186980601645564,0.394960598351128,0.0159,0.0150999999999999,0.0121999999999999,0.0106,0.0127,
2023-03-09 17:15:00,2023-03-09,17,-0.9807852804032298,-0.1950903220161317,68,0.9187688206132462,0.3947959653655856,0.00291,0.00249,0.00163,0.00136,0.0015,
2023-03-09 17:30:00,2023-03-09,17,-0.991444861373801,-0.1305261922201233,68,0.9188395515592942,0.3946313197027259,-0.000827,-0.000167,4.48e-05,-0.000485,0.000184,
2023-03-09 17:45:00,2023-03-09,17,-0.9978589232386016,-0.0654031292301706,68,0.9189102530004296,0.3944666613678353,-0.000674,-0.000468,-5.17e-05,-8.790000000000001e-05,-0.000304,
2023-03-09 18:00:00,2023-03-09,18,-1.0,-3.968660304064989e-14,68,0.9189809249343815,0.3943019903662022,-0.000856,-0.00066,-0.000555,-0.000593,-0.00105,
2023-03-09 18:15:00,2023-03-09,18,-0.9978589232386031,0.0654031292301481,68,0.919051567358881,0.3941373067031136,-0.00105,-0.000752,-0.000596,-0.000577,-0.000908,
2023-03-09 18:30:00,2023-03-09,18,-0.9914448613738112,0.1305261922200446,68,0.9191221802716594,0.393972610383858,-0.00196,-0.0013,-0.000786,-0.000661,-0.00125,
2023-03-09 18:45:00,2023-03-09,18,-0.9807852804032232,0.1950903220161653,68,0.9191927636704496,0.3938079014137237,-0.000372,-0.000259,-0.000252,-7.259999999999999e-05,-0.000476,
2023-03-09 19:00:00,2023-03-09,19,-0.9659258262890764,0.2588190451024907,68,0.9192633175529846,0.3936431797980001,-0.000153,-0.000135,-0.000114,4.59e-05,-0.000411,
2023-03-09 19:15:00,2023-03-09,19,-0.9469301294951196,0.3214394653031207,68,0.9193338419169992,0.3934784455419763,-0.00177,-0.00148,-0.000976,-0.000849,-0.00153,
2023-03-09 19:30:00,2023-03-09,19,-0.9238795325112862,0.3826834323650912,68,0.9194043367602288,0.3933136986509417,-0.0011899999999999,-0.0011799999999999,-0.00081,-0.000948,-0.00125,
2023-03-09 19:45:00,2023-03-09,19,-0.8968727415326929,0.4422886902189919,68,0.9194748020804095,0.3931489391301873,-0.00162,-0.00112,-0.000334,-0.000535,-0.000514,
2023-03-09 20:00:00,2023-03-09,20,-0.8660254037844215,0.5000000000000298,68,0.9195452378752788,0.3929841669850031,-0.000513,-0.00034,-0.000138,-0.000141,-0.000176,
2023-03-09 20:15:00,2023-03-09,20,-0.8314696123025644,0.5555702330195734,68,0.9196156441425748,0.3928193822206807,-0.000199,-8.159999999999999e-05,1.38e-05,-5.73e-05,-0.000129,
2023-03-09 20:30:00,2023-03-09,20,-0.7933533402912636,0.6087614290086836,68,0.9196860208800368,0.392654584842511,-5.79e-05,-5.67e-05,7.93e-05,8.41e-05,-0.000133,
2023-03-09 20:45:00,2023-03-09,20,-0.7518398074789786,0.6593458151000674,68,0.9197563680854048,0.3924897748557858,-0.000157,-0.000181,-4.83e-05,-5.73e-05,-0.000257,
2023-03-09 21:00:00,2023-03-09,21,-0.7071067811865573,0.7071067811865377,68,0.91982668575642,0.3923249522657976,-0.000302,-0.000195,1.38e-05,-1.91e-05,-0.000219,
2023-03-09 21:15:00,2023-03-09,21,-0.6593458151000458,0.7518398074789977,68,0.9198969738908244,0.3921601170778386,-0.000199,-0.000142,0.0001,8.41e-05,-0.000137,
2023-03-09 21:30:00,2023-03-09,21,-0.6087614290087509,0.793353340291212,68,0.9199672324863608,0.3919952692972026,8.269999999999999e-06,1.77e-05,0.000145,0.000134,-0.000124,
2023-03-09 21:45:00,2023-03-09,21,-0.5555702330196439,0.8314696123025174,68,0.9200374615407731,0.3918304089291825,-0.000451,-0.000365,0.000176,0.000157,0.0,
2023-03-09 22:00:00,2023-03-09,22,-0.5000000000000047,0.8660254037844359,68,0.9201076610518064,0.3916655359790721,1.24e-05,0.000145,0.000103,2.68e-05,-5.5700000000000005e-05,
2023-03-09 22:15:00,2023-03-09,22,-0.4422886902190169,0.8968727415326806,68,0.9201778310172068,0.3915006504521659,-0.000538,-0.000518,0.000207,0.000229,-4.71e-05,
2023-03-09 22:30:00,2023-03-09,22,-0.3826834323650645,0.9238795325112972,68,0.9202479714347204,0.3913357523537583,1.24e-05,0.00022,0.000103,-3.82e-06,0.0,
2023-03-09 22:45:00,2023-03-09,22,-0.3214394653032009,0.9469301294950924,68,0.9203180823020952,0.3911708416891446,8.68e-05,-6.379999999999999e-05,0.000207,0.000237,0.000124,
2023-03-09 23:00:00,2023-03-09,23,-0.2588190451025726,0.9659258262890544,68,0.92038816361708,0.3910059184636199,0.000294,0.000213,0.000217,0.000218,0.000129,
2023-03-09 23:15:00,2023-03-09,23,-0.1950903220161369,0.9807852804032288,68,0.9204582153774244,0.3908409826824804,0.00131,0.000943,0.00011,2.29e-05,-0.000107,
2023-03-09 23:30:00,2023-03-09,23,-0.1305261922200723,0.9914448613738076,68,0.9205282375808788,0.3906760343510224,-0.000819,-0.000493,9.31e-05,-3.44e-05,-6e-05,
2023-03-09 23:45:00,2023-03-09,23,-0.0654031292301192,0.997858923238605,68,0.9205982302251948,0.3905110734745422,0.000128,8.51e-05,0.00019,0.000111,4.2800000000000005e-06,
